,precision,recall,f1-score,support
0,0.78125,0.9090909090909091,0.8403361344537814,220.0
1,0.5454545454545454,0.3,0.3870967741935483,80.0
accuracy,0.7466666666666667,0.7466666666666667,0.7466666666666667,0.7466666666666667
macro avg,0.6633522727272727,0.6045454545454545,0.6137164543236648,300.0
weighted avg,0.7183712121212121,0.7466666666666667,0.7194723050510525,300.0
