,precision,recall,f1-score,support
0,0.8121212121212121,0.9178082191780822,0.8617363344051447,146.0
1,0.6571428571428571,0.42592592592592593,0.5168539325842697,54.0
accuracy,0.785,0.785,0.785,0.785
macro avg,0.7346320346320346,0.6718670725520041,0.6892951334947073,200.0
weighted avg,0.7702770562770563,0.785,0.7686180859135086,200.0
