,precision,recall,f1-score,support
0,0.8284023668639053,0.9090909090909091,0.8668730650154799,154.0
1,0.5483870967741935,0.3695652173913043,0.44155844155844154,46.0
accuracy,0.785,0.785,0.785,0.785
macro avg,0.6883947318190494,0.6393280632411067,0.6542157532869607,200.0
weighted avg,0.7639988547432717,0.785,0.7690507016203609,200.0
