precision,recall,f1-score,support
0.8034682080924855,0.952054794520548,0.871473354231975,146.0
0.7407407407407407,0.37037037037037035,0.4938271604938271,54.0
0.795,0.795,0.795,0.795
0.7721044744166131,0.6612125824454591,0.6826502573629011,200.0
0.7865317919075144,0.795,0.7695088819226751,200.0
