,precision,recall,f1-score,support
0,0.8352941176470589,0.9260869565217391,0.8783505154639176,230.0
1,0.6222222222222222,0.4,0.4869565217391305,70.0
accuracy,0.8033333333333333,0.8033333333333333,0.8033333333333333,0.8033333333333333
macro avg,0.7287581699346406,0.6630434782608696,0.6826535186015241,300.0
weighted avg,0.7855773420479303,0.8033333333333333,0.7870252502614673,300.0
