,precision,recall,f1-score,support
0,0.8029411764705883,0.91,0.8531250000000001,300.0
1,0.55,0.33,0.4125,100.0
accuracy,0.765,0.765,0.765,0.765
macro avg,0.6764705882352942,0.62,0.6328125,400.0
weighted avg,0.7397058823529413,0.765,0.74296875,400.0
