,precision,recall,f1-score,support
0,0.8005698005698005,0.9335548172757475,0.8619631901840491,301.0
1,0.5918367346938775,0.29292929292929293,0.3918918918918919,99.0
accuracy,0.775,0.775,0.775,0.775
macro avg,0.696203267631839,0.6132420551025202,0.6269275410379704,400.0
weighted avg,0.7489083667655096,0.775,0.7456205438567401,400.0
