precision,recall,f1-score,support
0.7793103448275862,0.9741379310344828,0.8659003831417624,232.0
0.4,0.058823529411764705,0.10256410256410256,68.0
0.7666666666666667,0.7666666666666667,0.7666666666666667,0.7666666666666667
0.5896551724137931,0.5164807302231237,0.4842322428529325,300.0
0.6933333333333334,0.7666666666666667,0.6928774928774929,300.0
