precision,recall,f1-score,support
0.8031088082901554,0.9748427672955975,0.8806818181818182,159.0
0.42857142857142855,0.07317073170731707,0.125,41.0
0.79,0.79,0.79,0.79
0.615840118430792,0.5240067495014573,0.5028409090909092,200.0
0.7263286454478164,0.79,0.7257670454545455,200.0
