precision,recall,f1-score,support
0.7717948717948718,0.9804560260586319,0.8637015781922526,307.0
0.4,0.043010752688172046,0.07766990291262137,93.0
0.7625,0.7625,0.7625,0.7625
0.5858974358974359,0.511733389373402,0.47068574055243695,400.0
0.6853525641025641,0.7625,0.6809492136897383,400.0
