precision,recall,f1-score,support
0.7928286852589641,0.9045454545454545,0.8450106157112527,220.0
0.5714285714285714,0.35,0.43410852713178294,80.0
0.7566666666666667,0.7566666666666667,0.7566666666666667,0.7566666666666667
0.6821286283437678,0.6272727272727272,0.6395595714215179,300.0
0.7337886549041926,0.7566666666666667,0.7354367254233941,300.0
