precision,recall,f1-score,support
0.8153846153846154,0.8833333333333333,0.848,300.0
0.5333333333333333,0.4,0.4571428571428572,100.0
0.7625,0.7625,0.7625,0.7625
0.6743589743589744,0.6416666666666666,0.6525714285714286,400.0
0.7448717948717949,0.7625,0.7502857142857142,400.0
