precision,recall,f1-score,support
0.75,0.5454545454545454,0.631578947368421,11.0
0.8648648648648649,0.9411764705882353,0.9014084507042254,34.0
0.8444444444444444,0.8444444444444444,0.8444444444444444,0.8444444444444444
0.8074324324324325,0.7433155080213903,0.7664936990363231,45.0
0.8367867867867868,0.8444444444444444,0.8354501276665843,45.0
