,precision,recall,f1-score,support
0,0.5,0.125,0.2,8.0
1,0.75,0.9545454545454546,0.84,22.0
accuracy,0.7333333333333333,0.7333333333333333,0.7333333333333333,0.7333333333333333
macro avg,0.625,0.5397727272727273,0.52,30.0
weighted avg,0.6833333333333333,0.7333333333333333,0.6693333333333334,30.0
