,precision,recall,f1-score,support
0,0.8983050847457628,0.9298245614035088,0.9137931034482759,57.0
1,0.8709677419354839,0.8181818181818182,0.84375,33.0
accuracy,0.8888888888888888,0.8888888888888888,0.8888888888888888,0.8888888888888888
macro avg,0.8846364133406233,0.8740031897926634,0.8787715517241379,90.0
weighted avg,0.8882813923819939,0.8888888888888888,0.8881106321839081,90.0
