,precision,recall,f1-score,support
0,0.7142857142857143,0.3125,0.43478260869565216,16.0
1,0.7924528301886793,0.9545454545454546,0.865979381443299,44.0
accuracy,0.7833333333333333,0.7833333333333333,0.7833333333333333,0.7833333333333333
macro avg,0.7533692722371967,0.6335227272727273,0.6503809950694756,60.0
weighted avg,0.7716082659478887,0.7833333333333333,0.7509935753772599,60.0
