,precision,recall,f1-score,support
0,0.6,0.3333333333333333,0.42857142857142855,9.0
1,0.85,0.9444444444444444,0.8947368421052632,36.0
accuracy,0.8222222222222222,0.8222222222222222,0.8222222222222222,0.8222222222222222
macro avg,0.725,0.6388888888888888,0.6616541353383458,45.0
weighted avg,0.8,0.8222222222222222,0.8015037593984962,45.0
