precision,recall,f1-score,support
0.7142857142857143,0.625,0.6666666666666666,8.0
0.8695652173913043,0.9090909090909091,0.888888888888889,22.0
0.8333333333333334,0.8333333333333334,0.8333333333333334,0.8333333333333334
0.7919254658385093,0.7670454545454546,0.7777777777777778,30.0
0.8281573498964804,0.8333333333333334,0.8296296296296296,30.0
