precision,recall,f1-score,support
0.7142857142857143,0.45454545454545453,0.5555555555555556,11.0
0.8421052631578947,0.9411764705882353,0.8888888888888888,34.0
0.8222222222222222,0.8222222222222222,0.8222222222222222,0.8222222222222222
0.7781954887218046,0.6978609625668449,0.7222222222222222,45.0
0.810860484544695,0.8222222222222222,0.8074074074074075,45.0
