,precision,recall,f1-score,support
0,0.0,0.0,0.0,6.0
1,0.8571428571428571,0.9230769230769231,0.888888888888889,39.0
accuracy,0.8,0.8,0.8,0.8
macro avg,0.42857142857142855,0.46153846153846156,0.4444444444444445,45.0
weighted avg,0.7428571428571428,0.8,0.7703703703703705,45.0
