,precision,recall,f1-score,support
0,0.6666666666666666,0.3076923076923077,0.42105263157894735,13.0
1,0.7692307692307693,0.9375,0.8450704225352113,32.0
accuracy,0.7555555555555555,0.7555555555555555,0.7555555555555555,0.7555555555555555
macro avg,0.717948717948718,0.6225961538461539,0.6330615270570793,45.0
weighted avg,0.7396011396011397,0.7555555555555555,0.722576394036735,45.0
