,precision,recall,f1-score,support
0,0.3333333333333333,0.2,0.25,5.0
1,0.8518518518518519,0.92,0.8846153846153846,25.0
accuracy,0.8,0.8,0.8,0.8
macro avg,0.5925925925925926,0.56,0.5673076923076923,30.0
weighted avg,0.7654320987654322,0.8,0.7788461538461537,30.0
