precision,recall,f1-score,support
0.7142857142857143,0.3333333333333333,0.4545454545454545,15.0
0.8113207547169812,0.9555555555555556,0.8775510204081634,45.0
0.8,0.8,0.8,0.8
0.7628032345013478,0.6444444444444445,0.6660482374768089,60.0
0.7870619946091645,0.8,0.7717996289424861,60.0
