precision,recall,f1-score,support
1.0,0.2222222222222222,0.3636363636363636,9.0
0.8372093023255814,1.0,0.9113924050632911,36.0
0.8444444444444444,0.8444444444444444,0.8444444444444444,0.8444444444444444
0.9186046511627908,0.6111111111111112,0.6375143843498273,45.0
0.8697674418604651,0.8444444444444444,0.8018411967779056,45.0
