,precision,recall,f1-score,support
0,0.36363636363636365,0.4,0.380952380952381,10.0
1,0.8775510204081632,0.86,0.8686868686868686,50.0
accuracy,0.7833333333333333,0.7833333333333333,0.7833333333333333,0.7833333333333333
macro avg,0.6205936920222634,0.63,0.6248196248196248,60.0
weighted avg,0.7918985776128634,0.7833333333333333,0.7873977873977874,60.0
