precision,recall,f1-score,support
0.6666666666666666,0.18181818181818182,0.28571428571428575,11.0
0.8421052631578947,0.9795918367346939,0.9056603773584905,49.0
0.8333333333333334,0.8333333333333334,0.8333333333333334,0.8333333333333334
0.7543859649122806,0.5807050092764379,0.5956873315363881,60.0
0.8099415204678363,0.8333333333333334,0.7920035938903863,60.0
