precision,recall,f1-score,support
0.6,0.2,0.3,15.0
0.7818181818181819,0.9555555555555556,0.86,45.0
0.7666666666666667,0.7666666666666667,0.7666666666666667,0.7666666666666667
0.6909090909090909,0.5777777777777778,0.58,60.0
0.7363636363636364,0.7666666666666667,0.7200000000000001,60.0
