precision,recall,f1-score,support
1.0,0.3333333333333333,0.5,6.0
0.8571428571428571,1.0,0.923076923076923,24.0
0.8666666666666667,0.8666666666666667,0.8666666666666667,0.8666666666666667
0.9285714285714286,0.6666666666666666,0.7115384615384615,30.0
0.8857142857142857,0.8666666666666667,0.8384615384615385,30.0
