,precision,recall,f1-score,support
0,0.4,0.2222222222222222,0.2857142857142857,9.0
1,0.8727272727272727,0.9411764705882353,0.9056603773584905,51.0
accuracy,0.8333333333333334,0.8333333333333334,0.8333333333333334,0.8333333333333334
macro avg,0.6363636363636364,0.5816993464052287,0.5956873315363881,60.0
weighted avg,0.8018181818181819,0.8333333333333334,0.8126684636118597,60.0
