,precision,recall,f1-score,support
0,0.5,0.1111111111111111,0.1818181818181818,9.0
1,0.7142857142857143,0.9523809523809523,0.8163265306122449,21.0
accuracy,0.7,0.7,0.7,0.7
macro avg,0.6071428571428572,0.5317460317460317,0.49907235621521334,30.0
weighted avg,0.65,0.7,0.625974025974026,30.0
