,precision,recall,f1-score,support
0,0.0,0.0,0.0,1.0
1,0.5,0.25,0.3333333333333333,4.0
accuracy,0.2,0.2,0.2,0.2
macro avg,0.25,0.125,0.16666666666666666,5.0
weighted avg,0.4,0.2,0.26666666666666666,5.0
Rules Number,254.0,254.0,254.0,254.0
