precision,recall,f1-score,support
0.0,0.0,0.0,1.0
0.6666666666666666,1.0,0.8,2.0
0.6666666666666666,0.6666666666666666,0.6666666666666666,0.6666666666666666
0.3333333333333333,0.5,0.4,3.0
0.4444444444444444,0.6666666666666666,0.5333333333333333,3.0
