precision,recall,f1-score,support
0.0,0.0,0.0,3.0
0.5,1.0,0.6666666666666666,3.0
0.5,0.5,0.5,0.5
0.25,0.5,0.3333333333333333,6.0
0.25,0.5,0.3333333333333333,6.0
