precision,recall,f1-score,support
0.0,0.0,0.0,3.0
0.4,1.0,0.5714285714285715,2.0
0.4,0.4,0.4,0.4
0.2,0.5,0.28571428571428575,5.0
0.16,0.4,0.2285714285714286,5.0
