,precision,recall,f1-score,support
0,0.7810650887573964,0.9103448275862069,0.8407643312101911,145.0
1,0.5806451612903226,0.32727272727272727,0.41860465116279066,55.0
accuracy,0.75,0.75,0.75,0.75
macro avg,0.6808551250238595,0.618808777429467,0.629684491186491,200.0
weighted avg,0.7259496087039511,0.75,0.724670419197156,200.0
Rules Number,17858.0,17858.0,17858.0,17858.0
