,precision,recall,f1-score,support
0,0.7828571428571428,0.9448275862068966,0.85625,145.0
1,0.68,0.3090909090909091,0.425,55.0
accuracy,0.77,0.77,0.77,0.77
macro avg,0.7314285714285714,0.6269592476489028,0.640625,200.0
weighted avg,0.7545714285714286,0.77,0.73765625,200.0
Rules Number,14942.0,14942.0,14942.0,14942.0
