,precision,recall,f1-score,support
0,0.7403314917127072,0.9370629370629371,0.8271604938271604,143.0
1,0.5263157894736842,0.17543859649122806,0.2631578947368421,57.0
accuracy,0.72,0.72,0.72,0.72
macro avg,0.6333236405931957,0.5562507667770826,0.5451591942820012,200.0
weighted avg,0.6793370165745856,0.72,0.6664197530864198,200.0
Rules Number,13535.0,13535.0,13535.0,13535.0
