,precision,recall,f1-score,support
0,0.783625730994152,0.9370629370629371,0.8535031847133757,143.0
1,0.6896551724137931,0.3508771929824561,0.46511627906976744,57.0
accuracy,0.77,0.77,0.77,0.77
macro avg,0.7366404517039726,0.6439700650226966,0.6593097318915716,200.0
weighted avg,0.7568441217987497,0.77,0.7428129166049474,200.0
Rules Number,13701.0,13701.0,13701.0,13701.0
