,precision,recall,f1-score,support
0,0.7485714285714286,0.916083916083916,0.8238993710691824,143.0
1,0.52,0.22807017543859648,0.31707317073170727,57.0
accuracy,0.72,0.72,0.72,0.72
macro avg,0.6342857142857143,0.5720770457612563,0.5704862709004448,200.0
weighted avg,0.6834285714285714,0.72,0.679453903973002,200.0
Rules Number,19457.0,19457.0,19457.0,19457.0
