,precision,recall,f1-score,support
0,0.7657142857142857,0.9241379310344827,0.8375,145.0
1,0.56,0.2545454545454545,0.35,55.0
accuracy,0.74,0.74,0.74,0.74
macro avg,0.6628571428571428,0.5893416927899686,0.59375,200.0
weighted avg,0.7091428571428571,0.74,0.7034375,200.0
Rules Number,11711.0,11711.0,11711.0,11711.0
