,precision,recall,f1-score,support
0,0.0,0.0,0.0,0.0
1,1.0,0.4,0.5714285714285715,5.0
accuracy,0.4,0.4,0.4,0.4
macro avg,0.5,0.2,0.28571428571428575,5.0
weighted avg,1.0,0.4,0.5714285714285715,5.0
Rules Number,344.0,344.0,344.0,344.0
