,precision,recall,f1-score,support
0,0.5,1.0,0.6666666666666666,1.0
1,1.0,0.75,0.8571428571428571,4.0
accuracy,0.8,0.8,0.8,0.8
macro avg,0.75,0.875,0.7619047619047619,5.0
weighted avg,0.9,0.8,0.819047619047619,5.0
