precision,recall,f1-score,support
0.0,0.0,0.0,3.0
0.4,0.6666666666666666,0.5,3.0
0.3333333333333333,0.3333333333333333,0.3333333333333333,0.3333333333333333
0.2,0.3333333333333333,0.25,6.0
0.20000000000000004,0.3333333333333333,0.25,6.0
