,precision,recall,f1-score,support
0,0.9166666666666666,0.6666666666666666,0.7719298245614035,33.0
1,0.7608695652173914,0.9459459459459459,0.8433734939759038,37.0
accuracy,0.8142857142857143,0.8142857142857143,0.8142857142857143,0.8142857142857143
macro avg,0.838768115942029,0.8063063063063063,0.8076516592686536,70.0
weighted avg,0.8343167701863354,0.8142857142857143,0.8096929069662108,70.0
