,precision,recall,f1-score,support
0,1.0,0.48717948717948717,0.6551724137931034,39.0
1,0.6078431372549019,1.0,0.7560975609756097,31.0
accuracy,0.7142857142857143,0.7142857142857143,0.7142857142857143,0.7142857142857143
macro avg,0.803921568627451,0.7435897435897436,0.7056349873843566,70.0
weighted avg,0.8263305322128852,0.7142857142857143,0.6998678361167847,70.0
