precision,recall,f1-score,support
0.90625,0.90625,0.90625,32.0
0.8928571428571429,0.8928571428571429,0.8928571428571429,28.0
0.9,0.9,0.9,0.9
0.8995535714285714,0.8995535714285714,0.8995535714285714,60.0
0.9,0.9,0.9,60.0
