precision,recall,f1-score,support
0.8928571428571429,0.8928571428571429,0.8928571428571429,56.0
0.8235294117647058,0.8235294117647058,0.8235294117647058,34.0
0.8666666666666667,0.8666666666666667,0.8666666666666667,0.8666666666666667
0.8581932773109244,0.8581932773109244,0.8581932773109244,90.0
0.8666666666666667,0.8666666666666667,0.8666666666666667,90.0
