precision,recall,f1-score,support
0.8611111111111112,0.9393939393939394,0.8985507246376813,33.0
0.9166666666666666,0.8148148148148148,0.8627450980392156,27.0
0.8833333333333333,0.8833333333333333,0.8833333333333333,0.8833333333333333
0.8888888888888888,0.8771043771043772,0.8806479113384484,60.0
0.8861111111111112,0.8833333333333333,0.8824381926683718,60.0
