precision,recall,f1-score,support
0.7924528301886793,0.8571428571428571,0.8235294117647058,49.0
0.8108108108108109,0.7317073170731707,0.7692307692307694,41.0
0.8,0.8,0.8,0.8
0.801631820499745,0.7944250871080138,0.7963800904977376,90.0
0.8008159102498725,0.8,0.7987933634992459,90.0
