precision,recall,f1-score,support
0.8051948051948052,0.8985507246376812,0.8493150684931507,69.0
0.8372093023255814,0.7058823529411765,0.7659574468085107,51.0
0.8166666666666667,0.8166666666666667,0.8166666666666667,0.8166666666666667
0.8212020537601934,0.8022165387894289,0.8076362576508307,120.0
0.8188009664753851,0.8166666666666667,0.8138880792771788,120.0
