precision,recall,f1-score,support
0.8641975308641975,0.9210526315789473,0.89171974522293,76.0
0.8461538461538461,0.75,0.7951807228915662,44.0
0.8583333333333333,0.8583333333333333,0.8583333333333333,0.8583333333333333
0.8551756885090218,0.8355263157894737,0.8434502340572481,120.0
0.8575815131370687,0.8583333333333333,0.8563221037014299,120.0
