,precision,recall,f1-score,support
0,0.7276995305164319,0.7311320754716981,0.7294117647058824,212.0
1,0.6951871657754011,0.6914893617021277,0.6933333333333334,188.0
accuracy,0.7125,0.7125,0.7125,0.7125
macro avg,0.7114433481459165,0.711310718586913,0.7113725490196079,400.0
weighted avg,0.7124187190881475,0.7125,0.7124549019607843,400.0
Rules Number,16410.0,16410.0,16410.0,16410.0
