,precision,recall,f1-score,support
0,0.7567567567567568,0.7,0.7272727272727273,80.0
1,0.6363636363636364,0.7,0.6666666666666666,60.0
accuracy,0.7,0.7,0.7,0.7
macro avg,0.6965601965601966,0.7,0.696969696969697,140.0
weighted avg,0.7051597051597053,0.7,0.7012987012987013,140.0
Rules Number,9674.0,9674.0,9674.0,9674.0
