,precision,recall,f1-score,support
0,0.7641509433962265,0.7641509433962265,0.7641509433962265,212.0
1,0.7340425531914894,0.7340425531914894,0.7340425531914893,188.0
accuracy,0.75,0.75,0.75,0.75
macro avg,0.749096748293858,0.749096748293858,0.7490967482938579,400.0
weighted avg,0.75,0.75,0.75,400.0
Rules Number,17407.0,17407.0,17407.0,17407.0
