,precision,recall,f1-score,support
0,0.7476190476190476,0.7201834862385321,0.733644859813084,218.0
1,0.6789473684210526,0.7087912087912088,0.6935483870967742,182.0
accuracy,0.715,0.715,0.715,0.715
macro avg,0.7132832080200502,0.7144873475148705,0.7135966234549291,400.0
weighted avg,0.7163734335839598,0.715,0.7154009647271632,400.0
Rules Number,17601.0,17601.0,17601.0,17601.0
