,precision,recall,f1-score,support
0,0.632183908045977,0.859375,0.7284768211920529,64.0
1,0.8301886792452831,0.5789473684210527,0.682170542635659,76.0
accuracy,0.7071428571428572,0.7071428571428572,0.7071428571428572,0.7071428571428572
macro avg,0.73118629364563,0.7191611842105263,0.705323681913856,140.0
weighted avg,0.7396722124113145,0.7071428571428572,0.7033391271185819,140.0
Rules Number,8030.0,8030.0,8030.0,8030.0
