,precision,recall,f1-score,support
0,0.7630331753554502,0.7385321100917431,0.7505827505827507,218.0
1,0.6984126984126984,0.7252747252747253,0.7115902964959568,182.0
accuracy,0.7325,0.7325,0.7325,0.7325
macro avg,0.7307229368840743,0.7319034176832342,0.7310865235393538,400.0
weighted avg,0.7336308583464981,0.7325,0.7328411839732596,400.0
Rules Number,15874.0,15874.0,15874.0,15874.0
