,precision,recall,f1-score,support
0,0.9024390243902439,0.5692307692307692,0.6981132075471698,65.0
1,0.7171717171717171,0.9466666666666667,0.8160919540229885,75.0
accuracy,0.7714285714285715,0.7714285714285715,0.7714285714285715,0.7714285714285715
macro avg,0.8098053707809805,0.7579487179487179,0.7571025807850791,140.0
weighted avg,0.8031886812374617,0.7714285714285715,0.7613161074449297,140.0
