,precision,recall,f1-score,support
0,0.9772727272727273,0.6056338028169014,0.7478260869565218,71.0
1,0.7083333333333334,0.9855072463768116,0.8242424242424243,69.0
accuracy,0.7928571428571428,0.7928571428571428,0.7928571428571428,0.7928571428571428
macro avg,0.8428030303030303,0.7955705245968565,0.786034255599473,140.0
weighted avg,0.844724025974026,0.7928571428571428,0.7854884246188595,140.0
