precision,recall,f1-score,support
0.7951807228915663,0.9565217391304348,0.868421052631579,69.0
0.918918918918919,0.6666666666666666,0.7727272727272727,51.0
0.8333333333333334,0.8333333333333334,0.8333333333333334,0.8333333333333334
0.8570498209052426,0.8115942028985508,0.8205741626794258,120.0
0.8477694562031911,0.8333333333333334,0.8277511961722489,120.0
