,precision,recall,f1-score,support
0,0.7719298245614035,0.8301886792452831,0.8,53.0
1,0.7272727272727273,0.6486486486486487,0.6857142857142857,37.0
accuracy,0.7555555555555555,0.7555555555555555,0.7555555555555555,0.7555555555555555
macro avg,0.7496012759170654,0.7394186639469659,0.7428571428571429,90.0
weighted avg,0.7535707956760588,0.7555555555555555,0.753015873015873,90.0
