precision,recall,f1-score,support
0.8333333333333334,0.9375,0.8823529411764706,32.0
0.9166666666666666,0.7857142857142857,0.8461538461538461,28.0
0.8666666666666667,0.8666666666666667,0.8666666666666667,0.8666666666666667
0.875,0.8616071428571428,0.8642533936651584,60.0
0.8722222222222221,0.8666666666666667,0.8654600301659126,60.0
