precision,recall,f1-score,support
0.8,0.9696969696969697,0.8767123287671234,33.0
0.95,0.7037037037037037,0.8085106382978724,27.0
0.85,0.85,0.85,0.85
0.875,0.8367003367003367,0.8426114835324978,60.0
0.8674999999999999,0.85,0.8460215680559604,60.0
