,precision,recall,f1-score,support
0,0.8947368421052632,0.9444444444444444,0.918918918918919,36.0
1,0.8636363636363636,0.8260869565217391,0.8444444444444444,23.0
2,0.0,0.0,0.0,1.0
accuracy,0.8833333333333333,0.8833333333333333,0.8833333333333333,0.8833333333333333
macro avg,0.5861244019138756,0.5901771336553945,0.5877877877877878,60.0
weighted avg,0.867902711323764,0.8833333333333333,0.875055055055055,60.0
