,precision,recall,f1-score,support
0,0.9041095890410958,0.8571428571428571,0.88,77.0
1,0.7659574468085106,0.8372093023255814,0.8,43.0
accuracy,0.85,0.85,0.85,0.85
macro avg,0.8350335179248032,0.8471760797342193,0.8400000000000001,120.0
weighted avg,0.8546050714077528,0.85,0.8513333333333333,120.0
