,precision,recall,f1-score,support
0,0.7631578947368421,0.7837837837837838,0.7733333333333334,37.0
1,0.6363636363636364,0.6086956521739131,0.6222222222222223,23.0
accuracy,0.7166666666666667,0.7166666666666667,0.7166666666666667,0.7166666666666667
macro avg,0.6997607655502392,0.6962397179788484,0.6977777777777778,60.0
weighted avg,0.7145534290271133,0.7166666666666667,0.7154074074074075,60.0
