precision,recall,f1-score,support
0.8390804597701149,0.9605263157894737,0.8957055214723926,76.0
0.9090909090909091,0.6818181818181818,0.7792207792207791,44.0
0.8583333333333333,0.8583333333333333,0.8583333333333333,0.8583333333333333
0.874085684430512,0.8211722488038278,0.8374631503465859,120.0
0.8647509578544061,0.8583333333333333,0.8529944493134676,120.0
