,precision,recall,f1-score,support
0,0.84,0.9264705882352942,0.881118881118881,68.0
1,0.8888888888888888,0.7843137254901961,0.8333333333333334,51.0
2,0.0,0.0,0.0,1.0
accuracy,0.8583333333333333,0.8583333333333333,0.8583333333333333,0.8583333333333333
macro avg,0.5762962962962962,0.5702614379084968,0.5714840714840714,120.0
weighted avg,0.8537777777777776,0.8583333333333333,0.853467365967366,120.0
