,precision,recall,f1-score,support
0,0.8026315789473685,0.8472222222222222,0.8243243243243243,72.0
1,0.75,0.6875,0.717391304347826,48.0
accuracy,0.7833333333333333,0.7833333333333333,0.7833333333333333,0.7833333333333333
macro avg,0.7763157894736843,0.7673611111111112,0.7708578143360751,120.0
weighted avg,0.781578947368421,0.7833333333333333,0.7815511163337251,120.0
