precision,recall,f1-score,support
0.8070175438596491,0.9387755102040817,0.8679245283018868,49.0
0.9090909090909091,0.7317073170731707,0.8108108108108109,41.0
0.8444444444444444,0.8444444444444444,0.8444444444444444,0.8444444444444444
0.8580542264752791,0.8352414136386261,0.8393676695563488,90.0
0.8535176324650008,0.8444444444444444,0.8419060570003966,90.0
