,precision,recall,f1-score,support
0,0.9,0.9230769230769231,0.9113924050632911,39.0
1,0.85,0.8095238095238095,0.8292682926829269,21.0
accuracy,0.8833333333333333,0.8833333333333333,0.8833333333333333,0.8833333333333333
macro avg,0.875,0.8663003663003663,0.870330348873109,60.0
weighted avg,0.8825000000000001,0.8833333333333333,0.8826489657301636,60.0
