,precision,recall,f1-score,support
0,0.8928571428571429,0.9433962264150944,0.9174311926605505,53.0
1,0.8823529411764706,0.8333333333333334,0.8571428571428571,36.0
2,0.0,0.0,0.0,1.0
accuracy,0.8888888888888888,0.8888888888888888,0.8888888888888888,0.8888888888888888
macro avg,0.5917366946778712,0.5922431865828092,0.5915246832678025,90.0
weighted avg,0.878734827264239,0.8888888888888888,0.8831221785350225,90.0
