,precision,recall,f1-score,support
0,0.9078947368421053,0.8961038961038961,0.9019607843137255,77.0
1,0.8181818181818182,0.8372093023255814,0.8275862068965518,43.0
accuracy,0.875,0.875,0.875,0.875
macro avg,0.8630382775119618,0.8666565992147388,0.8647734956051387,120.0
weighted avg,0.8757476076555025,0.875,0.8753098940725716,120.0
