,precision,recall,f1-score,support
0,0.8974358974358975,0.8974358974358975,0.8974358974358975,39.0
1,0.8095238095238095,0.8095238095238095,0.8095238095238095,21.0
accuracy,0.8666666666666667,0.8666666666666667,0.8666666666666667,0.8666666666666667
macro avg,0.8534798534798536,0.8534798534798536,0.8534798534798536,60.0
weighted avg,0.8666666666666667,0.8666666666666667,0.8666666666666667,60.0
