,precision,recall,f1-score,support
0,0.9,0.9473684210526315,0.9230769230769231,57.0
1,0.9,0.8181818181818182,0.8571428571428572,33.0
accuracy,0.9,0.9,0.9,0.9
macro avg,0.9,0.8827751196172249,0.8901098901098902,90.0
weighted avg,0.9,0.9,0.8989010989010989,90.0
