precision,recall,f1-score,support
0.8548387096774194,0.9464285714285714,0.8983050847457628,56.0
0.8928571428571429,0.7352941176470589,0.806451612903226,34.0
0.8666666666666667,0.8666666666666667,0.8666666666666667,0.8666666666666667
0.8738479262672811,0.8408613445378151,0.8523783488244944,90.0
0.8692012288786484,0.8666666666666667,0.8636048842719155,90.0
