,precision,recall,f1-score,support
0,0.8305647840531561,0.8333333333333334,0.831946755407654,300.0
1,0.494949494949495,0.49,0.4924623115577889,100.0
accuracy,0.7475,0.7475,0.7475,0.7475
macro avg,0.6627571395013255,0.6616666666666666,0.6622045334827215,400.0
weighted avg,0.7466609617772408,0.7475,0.7470756444451877,400.0
Rules Number,15466.0,15466.0,15466.0,15466.0
