,precision,recall,f1-score,support
0,0.8464052287581699,0.8633333333333333,0.8547854785478547,300.0
1,0.5638297872340425,0.53,0.5463917525773196,100.0
accuracy,0.78,0.78,0.78,0.78
macro avg,0.7051175079961063,0.6966666666666667,0.7005886155625871,400.0
weighted avg,0.775761368377138,0.78,0.7776870470552208,400.0
Rules Number,12765.0,12765.0,12765.0,12765.0
