,precision,recall,f1-score,support
0,0.8327759197324415,0.8110749185667753,0.8217821782178218,307.0
1,0.42574257425742573,0.46236559139784944,0.44329896907216493,93.0
accuracy,0.73,0.73,0.73,0.73
macro avg,0.6292592469949336,0.6367202549823123,0.6325405736449934,400.0
weighted avg,0.7381406669095003,0.73,0.7337848320914566,400.0
Rules Number,14702.0,14702.0,14702.0,14702.0
