,precision,recall,f1-score,support
0,0.8528428093645485,0.85,0.8514190317195326,300.0
1,0.5544554455445545,0.56,0.5572139303482587,100.0
accuracy,0.7775,0.7775,0.7775,0.7775
macro avg,0.7036491274545515,0.7050000000000001,0.7043164810338957,400.0
weighted avg,0.77824596840955,0.7775,0.7778677563767141,400.0
Rules Number,11615.0,11615.0,11615.0,11615.0
