,precision,recall,f1-score,support
0,0.8524590163934426,0.8469055374592834,0.8496732026143791,307.0
1,0.5052631578947369,0.5161290322580645,0.5106382978723404,93.0
accuracy,0.77,0.77,0.77,0.77
macro avg,0.6788610871440897,0.6815172848586739,0.6801557502433597,400.0
weighted avg,0.7717359792924934,0.77,0.7708475872618551,400.0
Rules Number,18309.0,18309.0,18309.0,18309.0
