,precision,recall,f1-score,support
0,0.8398692810457516,0.8371335504885994,0.8384991843393149,307.0
1,0.46808510638297873,0.4731182795698925,0.4705882352941177,93.0
accuracy,0.7525,0.7525,0.7525,0.7525
macro avg,0.6539771937143652,0.6551259150292459,0.6545437098167163,400.0
weighted avg,0.7534294604366569,0.7525,0.7529598886863066,400.0
Rules Number,14428.0,14428.0,14428.0,14428.0
