,precision,recall,f1-score,support
0,0.8157894736842105,0.8157894736842105,0.8157894736842104,38.0
1,0.78125,0.78125,0.78125,32.0
accuracy,0.8,0.8,0.8,0.8
macro avg,0.7985197368421053,0.7985197368421053,0.7985197368421052,70.0
weighted avg,0.8,0.8,0.8,70.0
Rules Number,8877.0,8877.0,8877.0,8877.0
