,precision,recall,f1-score,support
0,0.8181818181818182,0.6923076923076923,0.7500000000000001,156.0
1,0.7142857142857143,0.8333333333333334,0.7692307692307692,144.0
accuracy,0.76,0.76,0.76,0.76
macro avg,0.7662337662337663,0.7628205128205128,0.7596153846153846,300.0
weighted avg,0.7683116883116884,0.76,0.7592307692307693,300.0
Rules Number,22585.0,22585.0,22585.0,22585.0
