,precision,recall,f1-score,support
0,0.8043478260869565,0.6666666666666666,0.729064039408867,111.0
1,0.6574074074074074,0.797752808988764,0.7208121827411168,89.0
accuracy,0.725,0.725,0.725,0.725
macro avg,0.730877616747182,0.7322097378277153,0.724938111074992,200.0
weighted avg,0.7389593397745571,0.725,0.7253919631917182,200.0
Rules Number,18373.0,18373.0,18373.0,18373.0
