,precision,recall,f1-score,support
0,0.7352941176470589,0.7142857142857143,0.7246376811594202,35.0
1,0.7222222222222222,0.7428571428571429,0.732394366197183,35.0
accuracy,0.7285714285714285,0.7285714285714285,0.7285714285714285,0.7285714285714285
macro avg,0.7287581699346406,0.7285714285714286,0.7285160236783016,70.0
weighted avg,0.7287581699346406,0.7285714285714285,0.7285160236783016,70.0
Rules Number,7008.0,7008.0,7008.0,7008.0
