,precision,recall,f1-score,support
0,0.8615384615384616,0.6706586826347305,0.7542087542087542,167.0
1,0.6764705882352942,0.8646616541353384,0.759075907590759,133.0
accuracy,0.7566666666666667,0.7566666666666667,0.7566666666666667,0.7566666666666667
macro avg,0.7690045248868779,0.7676601683850344,0.7566423308997566,300.0
weighted avg,0.7794917043740573,0.7566666666666667,0.756366525541443,300.0
Rules Number,15331.0,15331.0,15331.0,15331.0
