,precision,recall,f1-score,support
0,0.8181818181818182,0.6792452830188679,0.7422680412371134,106.0
1,0.6964285714285714,0.8297872340425532,0.7572815533980581,94.0
accuracy,0.75,0.75,0.75,0.75
macro avg,0.7573051948051948,0.7545162585307106,0.7497747973175858,200.0
weighted avg,0.7609577922077922,0.75,0.7493243919527575,200.0
Rules Number,15884.0,15884.0,15884.0,15884.0
