,precision,recall,f1-score,support
0,0.3333333333333333,0.5,0.4,2.0
1,0.6666666666666666,0.5,0.5714285714285715,4.0
accuracy,0.5,0.5,0.5,0.5
macro avg,0.5,0.5,0.48571428571428577,6.0
weighted avg,0.5555555555555555,0.5,0.5142857142857143,6.0
Rules Number,168.0,168.0,168.0,168.0
