,precision,recall,f1-score,support
0,0.0,0.0,0.0,1.0
1,0.75,0.6,0.6666666666666665,5.0
accuracy,0.5,0.5,0.5,0.5
macro avg,0.375,0.3,0.33333333333333326,6.0
weighted avg,0.625,0.5,0.5555555555555555,6.0
Rules Number,168.0,168.0,168.0,168.0
