,precision,recall,f1-score,support
0,0.8452380952380952,0.6396396396396397,0.7282051282051283,111.0
1,0.6551724137931034,0.8539325842696629,0.7414634146341462,89.0
accuracy,0.735,0.735,0.735,0.735
macro avg,0.7502052545155993,0.7467861119546513,0.7348342714196372,200.0
weighted avg,0.7606588669950739,0.735,0.7341050656660413,200.0
Rules Number,15789.0,15789.0,15789.0,15789.0
