,precision,recall,f1-score,support
0,0.8674698795180723,0.6792452830188679,0.7619047619047619,106.0
1,0.7094017094017094,0.8829787234042553,0.7867298578199052,94.0
accuracy,0.775,0.775,0.775,0.775
macro avg,0.7884357944598909,0.7811120032115616,0.7743173098623335,200.0
weighted avg,0.7931778395633817,0.775,0.7735725569848794,200.0
Rules Number,11982.0,11982.0,11982.0,11982.0
