,precision,recall,f1-score,support
0,0.8181818181818182,0.6666666666666666,0.7346938775510203,54.0
1,0.7049180327868853,0.8431372549019608,0.7678571428571429,51.0
accuracy,0.7523809523809524,0.7523809523809524,0.7523809523809524,0.7523809523809524
macro avg,0.7615499254843517,0.7549019607843137,0.7512755102040816,105.0
weighted avg,0.7631679795614222,0.7523809523809524,0.750801749271137,105.0
Rules Number,10434.0,10434.0,10434.0,10434.0
