,precision,recall,f1-score,support
0,0.782608695652174,0.6666666666666666,0.72,54.0
1,0.6949152542372882,0.803921568627451,0.7454545454545455,51.0
accuracy,0.7333333333333333,0.7333333333333333,0.7333333333333333,0.7333333333333333
macro avg,0.7387619749447311,0.7352941176470589,0.7327272727272727,105.0
weighted avg,0.7400147383935151,0.7333333333333333,0.7323636363636364,105.0
Rules Number,5093.0,5093.0,5093.0,5093.0
