,precision,recall,f1-score,support
0,0.8040201005025126,0.7079646017699115,0.7529411764705881,226.0
1,0.7370517928286853,0.8258928571428571,0.7789473684210527,224.0
accuracy,0.7666666666666667,0.7666666666666667,0.7666666666666667,0.7666666666666667
macro avg,0.770535946665599,0.7669287294563842,0.7659442724458204,450.0
weighted avg,0.7706847651270963,0.7666666666666667,0.7658864809081527,450.0
Rules Number,21805.0,21805.0,21805.0,21805.0
