,precision,recall,f1-score,support
0,0.7669172932330827,0.6375,0.6962457337883958,160.0
1,0.6526946107784432,0.7785714285714286,0.7100977198697068,140.0
accuracy,0.7033333333333334,0.7033333333333334,0.7033333333333334,0.7033333333333334
macro avg,0.7098059520057629,0.7080357142857143,0.7031717268290514,300.0
weighted avg,0.7136133747542508,0.7033333333333334,0.7027099939596743,300.0
Rules Number,12002.0,12002.0,12002.0,12002.0
