,precision,recall,f1-score,support
0,0.8,0.6357615894039735,0.7084870848708488,151.0
1,0.6944444444444444,0.8389261744966443,0.7598784194528875,149.0
accuracy,0.7366666666666667,0.7366666666666667,0.7366666666666667,0.7366666666666667
macro avg,0.7472222222222222,0.7373438819503089,0.7341827521618681,300.0
weighted avg,0.7475740740740742,0.7366666666666667,0.7340114477132613,300.0
Rules Number,16041.0,16041.0,16041.0,16041.0
