,precision,recall,f1-score,support
0,0.8486486486486486,0.6460905349794238,0.7336448598130841,243.0
1,0.6754716981132075,0.8647342995169082,0.7584745762711864,207.0
accuracy,0.7466666666666667,0.7466666666666667,0.7466666666666667,0.7466666666666667
macro avg,0.762060173380928,0.755412417248166,0.7460597180421353,450.0
weighted avg,0.7689872514023457,0.7466666666666667,0.7450665293838111,450.0
Rules Number,20016.0,20016.0,20016.0,20016.0
