,precision,recall,f1-score,support
0,0.7908745247148289,0.9327354260089686,0.8559670781893003,223.0
1,0.5945945945945946,0.2857142857142857,0.38596491228070173,77.0
accuracy,0.7666666666666667,0.7666666666666667,0.7666666666666667,0.7666666666666667
macro avg,0.6927345596547118,0.6092248558616271,0.6209659952350011,300.0
weighted avg,0.7404960093173022,0.7666666666666667,0.7353331889394267,300.0
Rules Number,14237.0,14237.0,14237.0,14237.0
