,precision,recall,f1-score,support
0,0.7835820895522388,0.9417040358744395,0.8553971486761711,223.0
1,0.59375,0.24675324675324675,0.3486238532110092,77.0
accuracy,0.7633333333333333,0.7633333333333333,0.7633333333333333,0.7633333333333333
macro avg,0.6886660447761195,0.5942286413138431,0.6020105009435901,300.0
weighted avg,0.7348585199004976,0.7633333333333333,0.7253253361734462,300.0
Rules Number,14275.0,14275.0,14275.0,14275.0
