,precision,recall,f1-score,support
0,0.7692307692307693,0.9502262443438914,0.8502024291497975,221.0
1,0.5925925925925926,0.20253164556962025,0.3018867924528302,79.0
accuracy,0.7533333333333333,0.7533333333333333,0.7533333333333333,0.7533333333333333
macro avg,0.6809116809116809,0.5763789449567558,0.5760446108013139,300.0
weighted avg,0.722716049382716,0.7533333333333333,0.705812644819596,300.0
Rules Number,14369.0,14369.0,14369.0,14369.0
