,precision,recall,f1-score,support
0,0.7661870503597122,0.9551569506726457,0.8502994011976048,223.0
1,0.5454545454545454,0.15584415584415584,0.2424242424242424,77.0
accuracy,0.75,0.75,0.75,0.75
macro avg,0.6558207979071289,0.5555005532584008,0.5463618218109236,300.0
weighted avg,0.7095323741007195,0.75,0.6942781104457751,300.0
Rules Number,12632.0,12632.0,12632.0,12632.0
