,precision,recall,f1-score,support
0,0.8178137651821862,0.9140271493212669,0.8632478632478633,221.0
1,0.6415094339622641,0.43037974683544306,0.5151515151515151,79.0
accuracy,0.7866666666666666,0.7866666666666666,0.7866666666666666,0.7866666666666666
macro avg,0.7296615995722251,0.672203448078355,0.6891996891996892,300.0
weighted avg,0.77138695796094,0.7866666666666666,0.7715824915824916,300.0
Rules Number,13779.0,13779.0,13779.0,13779.0
