,precision,recall,f1-score,support
0,0.7790262172284644,0.9411764705882353,0.8524590163934427,221.0
1,0.6060606060606061,0.25316455696202533,0.35714285714285715,79.0
accuracy,0.76,0.76,0.76,0.76
macro avg,0.6925434116445353,0.5971705137751303,0.6048009367681499,300.0
weighted avg,0.733478606287595,0.76,0.7220257611241219,300.0
Rules Number,12073.0,12073.0,12073.0,12073.0
