,precision,recall,f1-score,support
0,0.8823529411764706,0.6338028169014085,0.7377049180327869,71.0
1,0.7078651685393258,0.9130434782608695,0.7974683544303798,69.0
accuracy,0.7714285714285715,0.7714285714285715,0.7714285714285715,0.7714285714285715
macro avg,0.7951090548578982,0.7734231475811391,0.7675866362315833,140.0
weighted avg,0.7963553960910206,0.7714285714285715,0.7671597545430292,140.0
Rules Number,2668.0,2668.0,2668.0,2668.0
