,precision,recall,f1-score,support
0,0.9148936170212766,0.6056338028169014,0.7288135593220338,71.0
1,0.6989247311827957,0.9420289855072463,0.8024691358024693,69.0
accuracy,0.7714285714285715,0.7714285714285715,0.7714285714285715,0.7714285714285715
macro avg,0.8069091741020362,0.7738313941620738,0.7656413475622516,140.0
weighted avg,0.8084518090008824,0.7714285714285715,0.765115236301677,140.0
Rules Number,2718.0,2718.0,2718.0,2718.0
