,precision,recall,f1-score,support
0,0.9264705882352942,0.6086956521739131,0.7346938775510206,207.0
1,0.6931818181818182,0.9481865284974094,0.800875273522976,193.0
accuracy,0.7725,0.7725,0.7725,0.7725
macro avg,0.8098262032085561,0.7784410903356612,0.7677845755369983,400.0
weighted avg,0.813908756684492,0.7725,0.7666264011074891,400.0
Rules Number,3882.0,3882.0,3882.0,3882.0
