,precision,recall,f1-score,support
0,0.9136690647482014,0.6414141414141414,0.7537091988130563,198.0
1,0.7279693486590039,0.9405940594059405,0.8207343412526998,202.0
accuracy,0.7925,0.7925,0.7925,0.7925
macro avg,0.8208192067036026,0.791004100410041,0.7872217700328781,400.0
weighted avg,0.8198907081231566,0.7925,0.7875568957450763,400.0
Rules Number,3740.0,3740.0,3740.0,3740.0
