,precision,recall,f1-score,support
0,0.8431372549019608,0.9020979020979021,0.8716216216216216,143.0
1,0.7021276595744681,0.5789473684210527,0.6346153846153846,57.0
accuracy,0.81,0.81,0.81,0.81
macro avg,0.7726324572382144,0.7405226352594774,0.753118503118503,200.0
weighted avg,0.8029495202336253,0.81,0.8040748440748441,200.0
Rules Number,6250.0,6250.0,6250.0,6250.0
