,precision,recall,f1-score,support
0,0.8951048951048951,0.8827586206896552,0.888888888888889,145.0
1,0.7017543859649122,0.7272727272727273,0.7142857142857142,55.0
accuracy,0.84,0.84,0.84,0.84
macro avg,0.7984296405349036,0.8050156739811912,0.8015873015873016,200.0
weighted avg,0.8419335050913997,0.84,0.8408730158730158,200.0
Rules Number,6670.0,6670.0,6670.0,6670.0
