,precision,recall,f1-score,support
0,0.9154929577464789,0.8843537414965986,0.8996539792387542,147.0
1,0.7068965517241379,0.7735849056603774,0.7387387387387387,53.0
accuracy,0.855,0.855,0.855,0.855
macro avg,0.8111947547353084,0.8289693235784881,0.8191963589887465,200.0
weighted avg,0.8602149101505584,0.855,0.85701144050625,200.0
Rules Number,6318.0,6318.0,6318.0,6318.0
