,precision,recall,f1-score,support
0,0.8723404255319149,0.8848920863309353,0.8785714285714286,139.0
1,0.7288135593220338,0.7049180327868853,0.7166666666666666,61.0
accuracy,0.83,0.83,0.83,0.83
macro avg,0.8005769924269743,0.7949050595589102,0.7976190476190476,200.0
weighted avg,0.8285647313379012,0.83,0.8291904761904761,200.0
Rules Number,6614.0,6614.0,6614.0,6614.0
