,precision,recall,f1-score,support
0,0.711864406779661,0.7241379310344828,0.717948717948718,58.0
1,0.6521739130434783,0.6382978723404256,0.6451612903225806,47.0
accuracy,0.6857142857142857,0.6857142857142857,0.6857142857142857,0.6857142857142857
macro avg,0.6820191599115697,0.6812179016874542,0.6815550041356493,105.0
weighted avg,0.6851458048215602,0.6857142857142857,0.685367678916066,105.0
Rules Number,11512.0,11512.0,11512.0,11512.0
