,precision,recall,f1-score,support
0,0.7358490566037735,0.7452229299363057,0.7405063291139239,157.0
1,0.7163120567375887,0.7062937062937062,0.7112676056338029,143.0
accuracy,0.7266666666666667,0.7266666666666667,0.7266666666666667,0.7266666666666667
macro avg,0.7260805566706812,0.725758318115006,0.7258869673738634,300.0
weighted avg,0.7265364200008921,0.7266666666666667,0.7265692042550662,300.0
Rules Number,13967.0,13967.0,13967.0,13967.0
