,precision,recall,f1-score,support
0,0.5901639344262295,0.8181818181818182,0.6857142857142857,44.0
1,0.8181818181818182,0.5901639344262295,0.6857142857142857,61.0
accuracy,0.6857142857142857,0.6857142857142857,0.6857142857142857,0.6857142857142857
macro avg,0.7041728763040238,0.7041728763040238,0.6857142857142857,105.0
weighted avg,0.722631466893762,0.6857142857142857,0.6857142857142857,105.0
Rules Number,7865.0,7865.0,7865.0,7865.0
