,precision,recall,f1-score,support
0,0.7,0.7225806451612903,0.7111111111111111,155.0
1,0.6928571428571428,0.6689655172413793,0.6807017543859649,145.0
accuracy,0.6966666666666667,0.6966666666666667,0.6966666666666667,0.6966666666666667
macro avg,0.6964285714285714,0.6957730812013347,0.695906432748538,300.0
weighted avg,0.6965476190476191,0.6966666666666667,0.6964132553606238,300.0
Rules Number,18228.0,18228.0,18228.0,18228.0
