,precision,recall,f1-score,support
0,0.711764705882353,0.7806451612903226,0.7446153846153847,155.0
1,0.7384615384615385,0.6620689655172414,0.6981818181818182,145.0
accuracy,0.7233333333333334,0.7233333333333334,0.7233333333333334,0.7233333333333334
macro avg,0.7251131221719458,0.721357063403782,0.7213986013986015,300.0
weighted avg,0.7246681749622926,0.7233333333333334,0.7221724941724943,300.0
Rules Number,18654.0,18654.0,18654.0,18654.0
