,precision,recall,f1-score,support
0,0.7793103448275862,0.7197452229299363,0.7483443708609271,157.0
1,0.7161290322580646,0.7762237762237763,0.7449664429530202,143.0
accuracy,0.7466666666666667,0.7466666666666667,0.7466666666666667,0.7466666666666667
macro avg,0.7477196885428254,0.7479844995768563,0.7466554069069736,300.0
weighted avg,0.7491939191694476,0.7466666666666667,0.7467342252248248,300.0
Rules Number,18113.0,18113.0,18113.0,18113.0
