,precision,recall,f1-score,support
0,0.8536585365853658,0.6306306306306306,0.7253886010362693,111.0
1,0.652542372881356,0.8651685393258427,0.7439613526570049,89.0
accuracy,0.735,0.735,0.735,0.735
macro avg,0.7531004547333608,0.7478995849782366,0.7346749768466372,200.0
weighted avg,0.7641618437370815,0.735,0.7336534755074967,200.0
Rules Number,16865.0,16865.0,16865.0,16865.0
