,precision,recall,f1-score,support
0,0.8611111111111112,0.8532110091743119,0.8571428571428571,218.0
1,0.6190476190476191,0.6341463414634146,0.6265060240963854,82.0
accuracy,0.7933333333333333,0.7933333333333333,0.7933333333333333,0.7933333333333333
macro avg,0.7400793650793651,0.7436786753188633,0.7418244406196213,300.0
weighted avg,0.79494708994709,0.7933333333333333,0.7941021227768215,300.0
