,precision,recall,f1-score,support
0,0.8418803418803419,0.8914027149321267,0.865934065934066,221.0
1,0.6363636363636364,0.5316455696202531,0.5793103448275861,79.0
accuracy,0.7966666666666666,0.7966666666666666,0.7966666666666666,0.7966666666666666
macro avg,0.7391219891219891,0.71152414227619,0.722622205380826,300.0
weighted avg,0.7877609427609428,0.7966666666666666,0.7904564860426929,300.0
