,precision,recall,f1-score,support
0,0.6788990825688074,0.74,0.7081339712918661,100.0
1,0.7142857142857143,0.65,0.680628272251309,100.0
accuracy,0.695,0.695,0.695,0.695
macro avg,0.6965923984272608,0.6950000000000001,0.6943811217715875,200.0
weighted avg,0.696592398427261,0.695,0.6943811217715876,200.0
Rules Number,18043.0,18043.0,18043.0,18043.0
