,precision,recall,f1-score,support
0,0.7422680412371134,0.6792452830188679,0.7093596059113301,106.0
1,0.6699029126213593,0.7340425531914894,0.7005076142131981,94.0
accuracy,0.705,0.705,0.705,0.705
macro avg,0.7060854769292364,0.7066439181051787,0.7049336100622641,200.0
weighted avg,0.708256430787709,0.705,0.7051991698132078,200.0
Rules Number,18719.0,18719.0,18719.0,18719.0
