,precision,recall,f1-score,support
0,0.7428571428571429,0.7358490566037735,0.7393364928909951,106.0
1,0.7052631578947368,0.7127659574468085,0.7089947089947088,94.0
accuracy,0.725,0.725,0.725,0.725
macro avg,0.7240601503759398,0.724307507025291,0.724165600942852,200.0
weighted avg,0.7251879699248122,0.725,0.7250758544597405,200.0
Rules Number,18545.0,18545.0,18545.0,18545.0
