,precision,recall,f1-score,support
0,0.65,0.8666666666666667,0.7428571428571429,30.0
1,0.8666666666666667,0.65,0.7428571428571429,40.0
accuracy,0.7428571428571429,0.7428571428571429,0.7428571428571429,0.7428571428571429
macro avg,0.7583333333333333,0.7583333333333333,0.7428571428571429,70.0
weighted avg,0.7738095238095238,0.7428571428571429,0.7428571428571429,70.0
Rules Number,8330.0,8330.0,8330.0,8330.0
