,precision,recall,f1-score,support
0,0.6886792452830188,0.73,0.7087378640776699,100.0
1,0.7127659574468085,0.67,0.6907216494845361,100.0
accuracy,0.7,0.7,0.7,0.7
macro avg,0.7007226013649137,0.7,0.6997297567811029,200.0
weighted avg,0.7007226013649137,0.7,0.6997297567811028,200.0
Rules Number,15395.0,15395.0,15395.0,15395.0
