,precision,recall,f1-score,support
0,0.75,0.75,0.75,36.0
1,0.7352941176470589,0.7352941176470589,0.735294117647059,34.0
accuracy,0.7428571428571429,0.7428571428571429,0.7428571428571429,0.7428571428571429
macro avg,0.7426470588235294,0.7426470588235294,0.7426470588235294,70.0
weighted avg,0.7428571428571429,0.7428571428571429,0.742857142857143,70.0
Rules Number,12741.0,12741.0,12741.0,12741.0
