,precision,recall,f1-score,support
0,0.8714285714285714,0.8187919463087249,0.8442906574394465,149.0
1,0.55,0.6470588235294118,0.5945945945945946,51.0
accuracy,0.775,0.775,0.775,0.775
macro avg,0.7107142857142857,0.7329253849190683,0.7194426260170206,200.0
weighted avg,0.7894642857142858,0.775,0.7806181614140093,200.0
