,precision,recall,f1-score,support
0,0.7839506172839507,0.9071428571428571,0.8410596026490066,140.0
1,0.6578947368421053,0.4166666666666667,0.5102040816326531,60.0
accuracy,0.76,0.76,0.76,0.76
macro avg,0.7209226770630279,0.6619047619047619,0.6756318421408298,200.0
weighted avg,0.7461338531513971,0.76,0.7418029463441005,200.0
