,precision,recall,f1-score,support
0,0.8826291079812206,0.8703703703703703,0.8764568764568764,216.0
1,0.6781609195402298,0.7023809523809523,0.6900584795321637,84.0
accuracy,0.8233333333333334,0.8233333333333334,0.8233333333333334,0.8233333333333334
macro avg,0.7803950137607252,0.7863756613756614,0.7832576779945201,300.0
weighted avg,0.8253780152177431,0.8233333333333334,0.8242653253179568,300.0
Rules Number,5866.0,5866.0,5866.0,5866.0
