,precision,recall,f1-score,support
0,0.8577586206896551,0.8923766816143498,0.8747252747252747,223.0
1,0.6470588235294118,0.5714285714285714,0.6068965517241379,77.0
accuracy,0.81,0.81,0.81,0.81
macro avg,0.7524087221095335,0.7319026265214605,0.7408109132247063,300.0
weighted avg,0.8036790060851926,0.81,0.805982569154983,300.0
Rules Number,6234.0,6234.0,6234.0,6234.0
