,precision,recall,f1-score,support
0,0.9090909090909091,0.8755760368663594,0.8920187793427229,217.0
1,0.7032967032967034,0.7710843373493976,0.7356321839080461,83.0
accuracy,0.8466666666666667,0.8466666666666667,0.8466666666666667,0.8466666666666667
macro avg,0.8061938061938062,0.8233301871078785,0.8138254816253845,300.0
weighted avg,0.8521545121545121,0.8466666666666667,0.8487518212724623,300.0
Rules Number,5790.0,5790.0,5790.0,5790.0
