,precision,recall,f1-score,support
0,0.9036697247706422,0.8914027149321267,0.89749430523918,221.0
1,0.7073170731707317,0.7341772151898734,0.7204968944099378,79.0
accuracy,0.85,0.85,0.85,0.85
macro avg,0.805493398970687,0.8127899650610001,0.8089955998245588,300.0
weighted avg,0.851963526515999,0.85,0.8508849870541462,300.0
Rules Number,6570.0,6570.0,6570.0,6570.0
