,precision,recall,f1-score,support
0,0.0,0.0,0.0,0.0
1,1.0,0.2,0.33333333333333337,5.0
accuracy,0.2,0.2,0.2,0.2
macro avg,0.5,0.1,0.16666666666666669,5.0
weighted avg,1.0,0.2,0.33333333333333337,5.0
Rules Number,168.0,168.0,168.0,168.0
