precision,recall,f1-score,support
0.8481012658227848,0.881578947368421,0.8645161290322582,76.0
0.8421052631578947,0.8,0.8205128205128205,60.0
0.8455882352941176,0.8455882352941176,0.8455882352941176,0.8455882352941176
0.8451032644903398,0.8407894736842105,0.8425144747725393,136.0
0.8454559705294509,0.8455882352941176,0.8451029046854475,136.0
