,precision,recall,f1-score,support
0,0.9,0.9113924050632911,0.9056603773584907,158.0
1,0.8672566371681416,0.8596491228070176,0.8634361233480176,114.0
2,0.0,0.0,0.0,1.0
accuracy,0.8864468864468864,0.8864468864468864,0.8864468864468864,0.8864468864468864
macro avg,0.5890855457227139,0.5903471759567696,0.5896988335688361,273.0
weighted avg,0.883030244092191,0.8864468864468864,0.8847108340084819,273.0
