precision,recall,f1-score,support
0.875,0.8974358974358975,0.8860759493670887,156.0
0.8571428571428571,0.8275862068965517,0.8421052631578947,116.0
0.8676470588235294,0.8676470588235294,0.8676470588235294,0.8676470588235294
0.8660714285714286,0.8625110521662246,0.8640906062624917,272.0
0.8673844537815125,0.8676470588235294,0.8673237449543442,272.0
