,precision,recall,f1-score,support
0,0.9137931034482759,0.8760330578512396,0.8945147679324894,121.0
1,0.8295454545454546,0.8795180722891566,0.8538011695906433,83.0
accuracy,0.8774509803921569,0.8774509803921569,0.8774509803921569,0.8774509803921569
macro avg,0.8716692789968652,0.8777755650701982,0.8741579687615664,204.0
weighted avg,0.8795158737476182,0.8774509803921569,0.877949921548307,204.0
