precision,recall,f1-score,support
0.8705882352941177,0.9024390243902439,0.8862275449101796,82.0
0.8431372549019608,0.7962962962962963,0.8190476190476189,54.0
0.8602941176470589,0.8602941176470589,0.8602941176470589,0.8602941176470589
0.8568627450980393,0.84936766034327,0.8526375819788993,136.0
0.8596885813148789,0.8602941176470589,0.8595531625823982,136.0
