,precision,recall,f1-score,support
0,0.8597560975609756,0.9038461538461539,0.8812500000000001,156.0
1,0.8611111111111112,0.8017241379310345,0.8303571428571429,116.0
accuracy,0.8602941176470589,0.8602941176470589,0.8602941176470589,0.8602941176470589
macro avg,0.8604336043360434,0.8527851458885942,0.8558035714285714,272.0
weighted avg,0.8603339709867688,0.8602941176470589,0.859545693277311,272.0
