,precision,recall,f1-score,support
0,0.9150326797385621,0.8860759493670886,0.9003215434083601,158.0
1,0.8487394957983193,0.8859649122807017,0.8669527896995708,114.0
accuracy,0.8860294117647058,0.8860294117647058,0.8860294117647058,0.8860294117647058
macro avg,0.8818860877684407,0.8860204308238951,0.8836371665539655,272.0
weighted avg,0.8872480364694897,0.8860294117647058,0.8863361098686469,272.0
