precision,recall,f1-score,support
0.8974358974358975,0.8823529411764706,0.8898305084745762,119.0
0.8390804597701149,0.8588235294117647,0.8488372093023254,85.0
0.8725490196078431,0.8725490196078431,0.8725490196078431,0.8725490196078431
0.8682581786030061,0.8705882352941177,0.8693338588884508,204.0
0.8731211317418214,0.8725490196078431,0.872749967152805,204.0
