,precision,recall,f1-score,support
0,0.935064935064935,0.9,0.9171974522292993,80.0
1,0.864406779661017,0.9107142857142857,0.8869565217391304,56.0
accuracy,0.9044117647058824,0.9044117647058824,0.9044117647058824,0.9044117647058824
macro avg,0.899735857362976,0.9053571428571429,0.9020769869842149,136.0
weighted avg,0.9059704004868512,0.9044117647058824,0.9047453043804063,136.0
