,precision,recall,f1-score,support
0,0.9,0.96,0.9290322580645162,75.0
1,0.9464285714285714,0.8688524590163934,0.9059829059829059,61.0
accuracy,0.9191176470588235,0.9191176470588235,0.9191176470588235,0.9191176470588235
macro avg,0.9232142857142858,0.9144262295081966,0.9175075820237111,136.0
weighted avg,0.9208245798319328,0.9191176470588235,0.9186939457337939,136.0
