,precision,recall,f1-score,support
0,0.8760330578512396,0.9137931034482759,0.8945147679324894,116.0
1,0.8690476190476191,0.8295454545454546,0.8488372093023256,88.0
2,0.0,0.0,0.0,1.0
accuracy,0.8731707317073171,0.8731707317073171,0.8731707317073171,0.8731707317073171
macro avg,0.5816935589662863,0.5811128526645768,0.5811173257449384,205.0
weighted avg,0.8687610984728502,0.8731707317073171,0.8705433536525533,205.0
