precision,recall,f1-score,support
0.7921348314606742,0.9096774193548387,0.8468468468468469,155.0
0.851063829787234,0.6837606837606838,0.7582938388625592,117.0
0.8125,0.8125,0.8125,0.8125
0.8215993306239542,0.7967190515577612,0.8025703428547031,272.0
0.8174829667702607,0.8125,0.808756030912429,272.0
