,precision,recall,f1-score,support
0,0.9054054054054054,0.8701298701298701,0.8874172185430463,77.0
1,0.782608695652174,0.8372093023255814,0.8089887640449438,43.0
accuracy,0.8583333333333333,0.8583333333333333,0.8583333333333333,0.8583333333333333
macro avg,0.8440070505287897,0.8536695862277257,0.848202991293995,120.0
weighted avg,0.8614032510771641,0.8583333333333333,0.8593136890145596,120.0
