precision,recall,f1-score,support
0.8260869565217391,0.9344262295081968,0.8769230769230769,122.0
0.8787878787878788,0.7073170731707317,0.7837837837837839,82.0
0.8431372549019608,0.8431372549019608,0.8431372549019608,0.8431372549019608
0.852437417654809,0.8208716513394643,0.8303534303534303,204.0
0.8472706605698934,0.8431372549019608,0.8394847336023806,204.0
