,precision,recall,f1-score,support
0,0.8125,0.9454545454545454,0.8739495798319329,110.0
1,0.9210526315789473,0.7446808510638298,0.8235294117647057,94.0
accuracy,0.8529411764705882,0.8529411764705882,0.8529411764705882,0.8529411764705882
macro avg,0.8667763157894737,0.8450676982591876,0.8487394957983193,204.0
weighted avg,0.8625193498452012,0.8529411764705882,0.8507167572911517,204.0
