,precision,recall,f1-score,support
0,0.9102564102564102,0.922077922077922,0.9161290322580644,77.0
1,0.8813559322033898,0.8813559322033898,0.8813559322033898,59.0
2,0.0,0.0,0.0,1.0
accuracy,0.8978102189781022,0.8978102189781022,0.8978102189781022,0.8978102189781022
macro avg,0.5972041141532667,0.6011446180937706,0.5991616548204847,137.0
weighted avg,0.8911660116039678,0.8978102189781022,0.8944666823640216,137.0
