,precision,recall,f1-score,support
0,0.8524590163934426,0.65,0.7375886524822695,160.0
1,0.6853932584269663,0.8714285714285714,0.7672955974842768,140.0
accuracy,0.7533333333333333,0.7533333333333333,0.7533333333333333,0.7533333333333333
macro avg,0.7689261374102044,0.7607142857142857,0.7524421249832731,300.0
weighted avg,0.774494996009087,0.7533333333333333,0.7514518934832063,300.0
Rules Number,13473.0,13473.0,13473.0,13473.0
