,precision,recall,f1-score,support
0,0.8387096774193549,0.6887417218543046,0.7563636363636363,151.0
1,0.7329545454545454,0.8657718120805369,0.7938461538461538,149.0
accuracy,0.7766666666666666,0.7766666666666666,0.7766666666666666,0.7766666666666666
macro avg,0.7858321114369502,0.7772567669674207,0.7751048951048951,300.0
weighted avg,0.7861846285434996,0.7766666666666666,0.7749799533799533,300.0
Rules Number,11553.0,11553.0,11553.0,11553.0
