precision,recall,f1-score,support
0.625,0.3333333333333333,0.43478260869565216,15.0
0.8076923076923077,0.9333333333333333,0.8659793814432989,45.0
0.7833333333333333,0.7833333333333333,0.7833333333333333,0.7833333333333333
0.7163461538461539,0.6333333333333333,0.6503809950694756,60.0
0.7620192307692307,0.7833333333333333,0.7581801882563872,60.0
