precision,recall,f1-score,support
0.7142857142857143,0.45454545454545453,0.5555555555555556,11.0
0.8867924528301887,0.9591836734693877,0.9215686274509803,49.0
0.8666666666666667,0.8666666666666667,0.8666666666666667,0.8666666666666667
0.8005390835579516,0.7068645640074211,0.738562091503268,60.0
0.8551662174303684,0.8666666666666667,0.8544662309368192,60.0
