precision,recall,f1-score,support
0.5,0.25,0.3333333333333333,8.0
0.7692307692307693,0.9090909090909091,0.8333333333333333,22.0
0.7333333333333333,0.7333333333333333,0.7333333333333333,0.7333333333333333
0.6346153846153846,0.5795454545454546,0.5833333333333333,30.0
0.6974358974358974,0.7333333333333333,0.7,30.0
