precision,recall,f1-score,support
0.6666666666666666,0.36363636363636365,0.4705882352941177,11.0
0.8205128205128205,0.9411764705882353,0.8767123287671232,34.0
0.8,0.8,0.8,0.8
0.7435897435897436,0.6524064171122994,0.6736502820306205,45.0
0.782905982905983,0.8,0.7774375503626109,45.0
