precision,recall,f1-score,support
0.75,0.3333333333333333,0.46153846153846156,9.0
0.8536585365853658,0.9722222222222222,0.9090909090909091,36.0
0.8444444444444444,0.8444444444444444,0.8444444444444444,0.8444444444444444
0.8018292682926829,0.6527777777777778,0.6853146853146853,45.0
0.8329268292682928,0.8444444444444444,0.8195804195804196,45.0
