,precision,recall,f1-score,support
0,0.0,0.0,0.0,1.0
1,0.8,0.8,0.8000000000000002,5.0
accuracy,0.6666666666666666,0.6666666666666666,0.6666666666666666,0.6666666666666666
macro avg,0.4,0.4,0.4000000000000001,6.0
weighted avg,0.6666666666666666,0.6666666666666666,0.6666666666666669,6.0
Rules Number,122.0,122.0,122.0,122.0
