precision,recall,f1-score,support
0.8787878787878788,0.38666666666666666,0.537037037037037,75.0
0.6166666666666667,0.9487179487179487,0.7474747474747475,78.0
0.673202614379085,0.673202614379085,0.673202614379085,0.673202614379085
0.7477272727272728,0.6676923076923077,0.6422558922558923,153.0
0.7451574569221627,0.673202614379085,0.6443190070641052,153.0
