precision,recall,f1-score,support
0.9047619047619048,0.3220338983050847,0.47500000000000003,59.0
0.696969696969697,0.9787234042553191,0.8141592920353982,94.0
0.7254901960784313,0.7254901960784313,0.7254901960784313,0.7254901960784313
0.800865800865801,0.6503786512802019,0.6445796460176991,153.0
0.7770987182751888,0.7254901960784313,0.6833723754988721,153.0
