,precision,recall,f1-score,support
0,0.75,0.627906976744186,0.6835443037974683,43.0
1,0.7575757575757576,0.847457627118644,0.7999999999999999,59.0
accuracy,0.7549019607843137,0.7549019607843137,0.7549019607843137,0.7549019607843137
macro avg,0.7537878787878788,0.737682301931415,0.7417721518987341,102.0
weighted avg,0.754382055852644,0.7549019607843137,0.7509059319930503,102.0
