,precision,recall,f1-score,support
0,0.8636363636363636,0.8444444444444444,0.853932584269663,45.0
1,0.8793103448275862,0.8947368421052632,0.8869565217391304,57.0
accuracy,0.8725490196078431,0.8725490196078431,0.8725490196078431,0.8725490196078431
macro avg,0.8714733542319749,0.8695906432748538,0.8704445530043967,102.0
weighted avg,0.8723953531255764,0.8725490196078431,0.8723871375614242,102.0
