,precision,recall,f1-score,support
0,0.7619047619047619,0.6,0.6713286713286712,80.0
1,0.7730496453900709,0.8790322580645161,0.8226415094339623,124.0
accuracy,0.7696078431372549,0.7696078431372549,0.7696078431372549,0.7696078431372549
macro avg,0.7674772036474165,0.739516129032258,0.7469850903813168,204.0
weighted avg,0.7686791028468125,0.7696078431372549,0.7633031415495344,204.0
