precision,recall,f1-score,support
1.0,0.30952380952380953,0.4727272727272727,42.0
0.6741573033707865,1.0,0.8053691275167786,60.0
0.7156862745098039,0.7156862745098039,0.7156862745098039,0.7156862745098039
0.8370786516853932,0.6547619047619048,0.6390482001220257,102.0
0.8083278255122274,0.7156862745098039,0.6683989520152174,102.0
