,precision,recall,f1-score,support
0,0.8461538461538461,0.6984126984126984,0.765217391304348,63.0
1,0.8118811881188119,0.9111111111111111,0.8586387434554974,90.0
accuracy,0.8235294117647058,0.8235294117647058,0.8235294117647058,0.8235294117647058
macro avg,0.829017517136329,0.8047619047619048,0.8119280673799227,153.0
weighted avg,0.8259934590744142,0.8235294117647058,0.8201711278638476,153.0
