precision,recall,f1-score,support
0.9333333333333333,0.37333333333333335,0.5333333333333333,75.0
0.6178861788617886,0.9743589743589743,0.7562189054726368,78.0
0.6797385620915033,0.6797385620915033,0.6797385620915033,0.6797385620915033
0.775609756097561,0.6738461538461539,0.6447761194029851,153.0
0.7725171369360752,0.6797385620915033,0.6469612720710174,153.0
