precision,recall,f1-score,support
1.0,0.3076923076923077,0.47058823529411764,52.0
0.5813953488372093,1.0,0.7352941176470588,50.0
0.6470588235294118,0.6470588235294118,0.6470588235294118,0.6470588235294118
0.7906976744186047,0.6538461538461539,0.6029411764705882,102.0
0.7948016415868673,0.6470588235294118,0.6003460207612455,102.0
