,precision,recall,f1-score,support
0,0.7692307692307693,0.6349206349206349,0.6956521739130435,63.0
1,0.7722772277227723,0.8666666666666667,0.8167539267015707,90.0
accuracy,0.7712418300653595,0.7712418300653595,0.7712418300653595,0.7712418300653595
macro avg,0.7707539984767708,0.7507936507936508,0.7562030503073071,153.0
weighted avg,0.7710228036378299,0.7712418300653595,0.7668884990827652,153.0
