precision,recall,f1-score,support
0.8292682926829268,0.44155844155844154,0.576271186440678,77.0
0.7345679012345679,0.9444444444444444,0.826388888888889,126.0
0.7536945812807881,0.7536945812807881,0.7536945812807881,0.7536945812807881
0.7819180969587474,0.693001443001443,0.7013300376647835,203.0
0.7704887393701524,0.7536945812807881,0.7315166569257746,203.0
