,precision,recall,f1-score,support
0,0.7567567567567568,0.7567567567567568,0.7567567567567567,37.0
1,0.8615384615384616,0.8615384615384616,0.8615384615384615,65.0
accuracy,0.8235294117647058,0.8235294117647058,0.8235294117647058,0.8235294117647058
macro avg,0.8091476091476092,0.8091476091476092,0.8091476091476091,102.0
weighted avg,0.8235294117647058,0.8235294117647058,0.8235294117647057,102.0
