,precision,recall,f1-score,support
0,0.8529411764705882,0.6823529411764706,0.758169934640523,85.0
1,0.8,0.9152542372881356,0.8537549407114624,118.0
accuracy,0.8177339901477833,0.8177339901477833,0.8177339901477833,0.8177339901477833
macro avg,0.8264705882352941,0.7988035892323031,0.8059624376759926,203.0
weighted avg,0.8221674876847291,0.8177339901477833,0.8137316623073745,203.0
