precision,recall,f1-score,support
0.9069767441860465,0.3979591836734694,0.5531914893617021,98.0
0.63125,0.9619047619047619,0.7622641509433963,105.0
0.6896551724137931,0.6896551724137931,0.6896551724137931,0.6896551724137931
0.7691133720930232,0.6799319727891157,0.6577278201525492,203.0
0.7643594627105053,0.6896551724137931,0.6613325212143025,203.0
