,precision,recall,f1-score,support
0,0.8309859154929577,0.7468354430379747,0.7866666666666666,79.0
1,0.8484848484848485,0.9032258064516129,0.875,124.0
accuracy,0.8423645320197044,0.8423645320197044,0.8423645320197044,0.8423645320197044
macro avg,0.8397353819889031,0.8250306247447938,0.8308333333333333,203.0
weighted avg,0.8416749188968713,0.8423645320197044,0.8406239737274219,203.0
