,precision,recall,f1-score,support
0,0.8275862068965517,0.7868852459016393,0.8067226890756303,61.0
1,0.8631578947368421,0.8913043478260869,0.8770053475935828,92.0
accuracy,0.8496732026143791,0.8496732026143791,0.8496732026143791,0.8496732026143791
macro avg,0.8453720508166969,0.8390947968638631,0.8418640183346066,153.0
weighted avg,0.8489757185390792,0.8496732026143791,0.8489841569426344,153.0
