,precision,recall,f1-score,support
0,0.9310344827586207,0.5510204081632653,0.6923076923076924,49.0
1,0.7105263157894737,0.9642857142857143,0.8181818181818182,56.0
accuracy,0.7714285714285715,0.7714285714285715,0.7714285714285715,0.7714285714285715
macro avg,0.8207803992740472,0.7576530612244898,0.7552447552447553,105.0
weighted avg,0.8134301270417422,0.7714285714285715,0.7594405594405595,105.0
