,precision,recall,f1-score,support
0,0.96875,0.5849056603773585,0.7294117647058823,53.0
1,0.6986301369863014,0.9807692307692307,0.8160000000000001,52.0
accuracy,0.780952380952381,0.780952380952381,0.780952380952381,0.780952380952381
macro avg,0.8336900684931507,0.7828374455732946,0.7727058823529411,105.0
weighted avg,0.8349763535551206,0.780952380952381,0.7722935574229692,105.0
