,precision,recall,f1-score,support
0,0.8738738738738738,0.8362068965517241,0.8546255506607928,232.0
1,0.5128205128205128,0.5882352941176471,0.547945205479452,68.0
accuracy,0.78,0.78,0.78,0.78
macro avg,0.6933471933471933,0.7122210953346856,0.7012853780701225,300.0
weighted avg,0.792035112035112,0.78,0.7851113390863556,300.0
Rules Number,17018.0,17018.0,17018.0,17018.0
