,precision,recall,f1-score,support
0,0.8036529680365296,0.8,0.8018223234624146,220.0
1,0.4567901234567901,0.4625,0.4596273291925466,80.0
accuracy,0.71,0.71,0.71,0.71
macro avg,0.6302215457466599,0.6312500000000001,0.6307248263274806,300.0
weighted avg,0.7111562094819325,0.71,0.7105703249904498,300.0
Rules Number,18590.0,18590.0,18590.0,18590.0
