,precision,recall,f1-score,support
0,0.7982062780269058,0.8090909090909091,0.803611738148984,220.0
1,0.45454545454545453,0.4375,0.4458598726114649,80.0
accuracy,0.71,0.71,0.71,0.71
macro avg,0.6263758662861801,0.6232954545454545,0.6247358053802244,300.0
weighted avg,0.7065633917651855,0.71,0.7082112406723123,300.0
Rules Number,16270.0,16270.0,16270.0,16270.0
