,precision,recall,f1-score,support
0,0.8009049773755657,0.8045454545454546,0.8027210884353743,220.0
1,0.45569620253164556,0.45,0.45283018867924535,80.0
accuracy,0.71,0.71,0.71,0.71
macro avg,0.6283005899536056,0.6272727272727273,0.6277756385573098,300.0
weighted avg,0.7088493040838536,0.71,0.7094168485004066,300.0
Rules Number,17072.0,17072.0,17072.0,17072.0
