,precision,recall,f1-score,support
0,0.8502202643171806,0.8318965517241379,0.840958605664488,232.0
1,0.4657534246575342,0.5,0.48226950354609927,68.0
accuracy,0.7566666666666667,0.7566666666666667,0.7566666666666667,0.7566666666666667
macro avg,0.6579868444873573,0.665948275862069,0.6616140546052937,300.0
weighted avg,0.7630744473276607,0.7566666666666667,0.7596557425176532,300.0
Rules Number,14803.0,14803.0,14803.0,14803.0
