,precision,recall,f1-score,support
0,0.8559322033898306,0.8706896551724138,0.8632478632478633,232.0
1,0.53125,0.5,0.5151515151515151,68.0
accuracy,0.7866666666666666,0.7866666666666666,0.7866666666666666,0.7866666666666666
macro avg,0.6935911016949152,0.6853448275862069,0.6891996891996892,300.0
weighted avg,0.782337570621469,0.7866666666666666,0.7843460243460243,300.0
Rules Number,16171.0,16171.0,16171.0,16171.0
