precision,recall,f1-score,support
0.84251968503937,0.9224137931034483,0.8806584362139918,232.0
0.6086956521739131,0.4117647058823529,0.4912280701754386,68.0
0.8066666666666666,0.8066666666666666,0.8066666666666666,0.8066666666666666
0.7256076686066415,0.6670892494929006,0.6859432531947152,300.0
0.7895195709231998,0.8066666666666666,0.7923875532452531,300.0
