precision,recall,f1-score,support
0.8221574344023324,0.9185667752442996,0.8676923076923078,307.0
0.5614035087719298,0.34408602150537637,0.42666666666666664,93.0
0.785,0.785,0.785,0.785
0.6917804715871311,0.6313263983748381,0.6471794871794871,400.0
0.7615321466932637,0.785,0.7651538461538462,400.0
