precision,recall,f1-score,support
0.7965116279069767,0.9383561643835616,0.8616352201257861,146.0
0.6785714285714286,0.35185185185185186,0.4634146341463415,54.0
0.78,0.78,0.78,0.78
0.7375415282392026,0.6451040081177067,0.6625249271360638,200.0
0.7646677740863786,0.78,0.754115661911336,200.0
