precision,recall,f1-score,support
0.8773006134969326,0.89937106918239,0.8881987577639752,159.0
0.5675675675675675,0.5121951219512195,0.5384615384615384,41.0
0.82,0.82,0.82,0.82
0.72243409053225,0.7057830955668047,0.7133301481127567,200.0
0.8138053390814127,0.82,0.8165026278069756,200.0
