precision,recall,f1-score,support
0.7584905660377359,0.9136363636363637,0.8288659793814434,220.0
0.45714285714285713,0.2,0.2782608695652174,80.0
0.7233333333333334,0.7233333333333334,0.7233333333333334,0.7233333333333334
0.6078167115902965,0.5568181818181819,0.5535634244733304,300.0
0.6781311769991015,0.7233333333333334,0.6820379500971163,300.0
