precision,recall,f1-score,support
0.7914285714285715,0.9233333333333333,0.8523076923076924,300.0
0.54,0.27,0.36,100.0
0.76,0.76,0.76,0.76
0.6657142857142857,0.5966666666666667,0.6061538461538463,400.0
0.7285714285714286,0.76,0.7292307692307693,400.0
