,precision,recall,f1-score,support
0,0.8290322580645161,0.8801369863013698,0.8538205980066444,292.0
1,0.6111111111111112,0.5092592592592593,0.5555555555555556,108.0
accuracy,0.78,0.78,0.78,0.78
macro avg,0.7200716845878137,0.6946981227803146,0.7046880767811,400.0
weighted avg,0.7701935483870967,0.78,0.7732890365448505,400.0
