,precision,recall,f1-score,support
0,0.8412162162162162,0.8556701030927835,0.848381601362862,291.0
1,0.5961538461538461,0.5688073394495413,0.5821596244131455,109.0
accuracy,0.7775,0.7775,0.7775,0.7775
macro avg,0.7186850311850312,0.7122387212711624,0.7152706128880038,400.0
weighted avg,0.7744367203742203,0.7775,0.7758361126440643,400.0
