,precision,recall,f1-score,support
0,0.8928571428571429,0.7142857142857143,0.7936507936507937,35.0
1,0.7619047619047619,0.9142857142857143,0.8311688311688312,35.0
accuracy,0.8142857142857143,0.8142857142857143,0.8142857142857143,0.8142857142857143
macro avg,0.8273809523809523,0.8142857142857143,0.8124098124098125,70.0
weighted avg,0.8273809523809523,0.8142857142857143,0.8124098124098125,70.0
Rules Number,2936.0,2936.0,2936.0,2936.0
