,precision,recall,f1-score,support
0,0.9130434782608695,0.5833333333333334,0.7118644067796611,108.0
1,0.6564885496183206,0.9347826086956522,0.7713004484304933,92.0
accuracy,0.745,0.745,0.745,0.745
macro avg,0.7847660139395951,0.7590579710144928,0.7415824276050772,200.0
weighted avg,0.795028211085297,0.745,0.7392049859390439,200.0
Rules Number,4080.0,4080.0,4080.0,4080.0
