,precision,recall,f1-score,support
0,0.8823529411764706,0.7894736842105263,0.8333333333333333,38.0
1,0.7777777777777778,0.875,0.823529411764706,32.0
accuracy,0.8285714285714286,0.8285714285714286,0.8285714285714286,0.8285714285714286
macro avg,0.8300653594771241,0.8322368421052632,0.8284313725490196,70.0
weighted avg,0.834547152194211,0.8285714285714286,0.8288515406162464,70.0
Rules Number,3148.0,3148.0,3148.0,3148.0
