,precision,recall,f1-score,support
0,0.9358974358974359,0.6403508771929824,0.7604166666666667,114.0
1,0.6639344262295082,0.9418604651162791,0.7788461538461537,86.0
accuracy,0.77,0.77,0.77,0.77
macro avg,0.799915931063472,0.7911056711546307,0.7696314102564102,200.0
weighted avg,0.8189533417402269,0.77,0.7683413461538461,200.0
Rules Number,4044.0,4044.0,4044.0,4044.0
