,precision,recall,f1-score,support
0,0.8487394957983193,0.63125,0.7240143369175627,160.0
1,0.6740331491712708,0.8714285714285714,0.7601246105919004,140.0
accuracy,0.7433333333333333,0.7433333333333333,0.7433333333333333,0.7433333333333333
macro avg,0.761386322484795,0.7513392857142858,0.7420694737547315,300.0
weighted avg,0.7672098673723633,0.7433333333333333,0.740865797965587,300.0
Rules Number,12770.0,12770.0,12770.0,12770.0
