precision,recall,f1-score,support
0.8987341772151899,0.6893203883495146,0.7802197802197803,103.0
0.7355371900826446,0.9175257731958762,0.81651376146789,97.0
0.8,0.8,0.8,0.8
0.8171356836489172,0.8034230807726954,0.7983667708438351,200.0
0.8195836384559054,0.8,0.7978223611251135,200.0
