precision,recall,f1-score,support
0.9006622516556292,0.6507177033492823,0.7555555555555555,209.0
0.7068273092369478,0.9214659685863874,0.8,191.0
0.78,0.78,0.78,0.78
0.8037447804462885,0.7860918359678348,0.7777777777777778,400.0
0.8081060666507088,0.78,0.7767777777777778,400.0
