precision,recall,f1-score,support
0.954954954954955,0.6708860759493671,0.7881040892193308,158.0
0.7248677248677249,0.9647887323943662,0.8277945619335348,142.0
0.81,0.81,0.81,0.81
0.8399113399113399,0.8178374041718667,0.8079493255764328,300.0
0.8460469993803327,0.81,0.8068909129707207,300.0
