precision,recall,f1-score,support
0.9726027397260274,0.6761904761904762,0.797752808988764,105.0
0.7322834645669292,0.9789473684210527,0.8378378378378378,95.0
0.82,0.82,0.82,0.82
0.8524431021464782,0.8275689223057645,0.8177953234133009,200.0
0.8584510840254558,0.82,0.8167931976920741,200.0
