precision,recall,f1-score,support
0.9682539682539683,0.5951219512195122,0.7371601208459213,205.0
0.6970802919708029,0.9794871794871794,0.814498933901919,195.0
0.7825,0.7825,0.7825,0.7825
0.8326671301123856,0.7873045653533458,0.7758295273739202,400.0
0.8360568010659252,0.7825,0.7748627922107201,400.0
