precision,recall,f1-score,support
0.9099099099099099,0.6474358974358975,0.7565543071161049,156.0
0.708994708994709,0.9305555555555556,0.8048048048048047,144.0
0.7833333333333333,0.7833333333333333,0.7833333333333333,0.7833333333333333
0.8094523094523094,0.7889957264957266,0.7806795559604548,300.0
0.8134706134706133,0.7833333333333333,0.7797145460066808,300.0
