,precision,recall,f1-score,support
0,0.937799043062201,0.9158878504672897,0.9267139479905439,214.0
1,0.9057591623036649,0.9301075268817204,0.9177718832891245,186.0
accuracy,0.9225,0.9225,0.9225,0.9225
macro avg,0.921779102682933,0.922997688674505,0.9222429156398342,400.0
weighted avg,0.9229004985094816,0.9225,0.9225558879043838,400.0
