,precision,recall,f1-score,support
0,0.995260663507109,1.0,0.997624703087886,210.0
1,1.0,0.9947368421052631,0.9973614775725593,190.0
accuracy,0.9975,0.9975,0.9975,0.9975
macro avg,0.9976303317535544,0.9973684210526316,0.9974930903302226,400.0
weighted avg,0.9975118483412322,0.9975,0.9974996709681059,400.0
