,precision,recall,f1-score,support
0,0.9702970297029703,0.9245283018867925,0.9468599033816426,106.0
1,0.9191919191919192,0.9680851063829787,0.9430051813471503,94.0
accuracy,0.945,0.945,0.945,0.945
macro avg,0.9447444744474447,0.9463067041348856,0.9449325423643964,200.0
weighted avg,0.9462776277627762,0.945,0.9450481840254312,200.0
