,precision,recall,f1-score,support
0,0.954248366013072,0.9299363057324841,0.9419354838709678,157.0
1,0.9251700680272109,0.951048951048951,0.9379310344827587,143.0
accuracy,0.94,0.94,0.94,0.94
macro avg,0.9397092170201414,0.9404926283907176,0.9399332591768632,300.0
weighted avg,0.9403877106398116,0.94,0.9400266963292548,300.0
