,precision,recall,f1-score,support
0,0.9935897435897436,1.0,0.9967845659163987,155.0
1,1.0,0.993103448275862,0.9965397923875432,145.0
accuracy,0.9966666666666667,0.9966666666666667,0.9966666666666667,0.9966666666666667
macro avg,0.9967948717948718,0.996551724137931,0.996662179151971,300.0
weighted avg,0.9966880341880343,0.9966666666666667,0.9966662587107851,300.0
