,precision,recall,f1-score,support
0,0.9148936170212766,0.8686868686868687,0.8911917098445595,297.0
1,0.6694915254237288,0.7669902912621359,0.7149321266968326,103.0
accuracy,0.8425,0.8425,0.8425,0.8425
macro avg,0.7921925712225026,0.8178385799745023,0.8030619182706961,400.0
weighted avg,0.8517025784349082,0.8425,0.8458048671840198,400.0
Rules Number,5450.0,5450.0,5450.0,5450.0
