,precision,recall,f1-score,support
0,0.9222614840989399,0.8729096989966555,0.8969072164948454,299.0
1,0.6752136752136753,0.7821782178217822,0.7247706422018348,101.0
accuracy,0.85,0.85,0.85,0.85
macro avg,0.7987375796563077,0.8275439584092188,0.8108389293483401,400.0
weighted avg,0.8598819123554106,0.85,0.8534427314858603,400.0
Rules Number,5868.0,5868.0,5868.0,5868.0
