,precision,recall,f1-score,support
0,0.8870431893687708,0.8870431893687708,0.8870431893687707,301.0
1,0.6565656565656566,0.6565656565656566,0.6565656565656566,99.0
accuracy,0.83,0.83,0.83,0.83
macro avg,0.7718044229672136,0.7718044229672136,0.7718044229672136,400.0
weighted avg,0.83,0.83,0.83,400.0
Rules Number,5846.0,5846.0,5846.0,5846.0
