,precision,recall,f1-score,support
0,0.910394265232975,0.8698630136986302,0.8896672504378283,292.0
1,0.6859504132231405,0.7685185185185185,0.7248908296943232,108.0
accuracy,0.8425,0.8425,0.8425,0.8425
macro avg,0.7981723392280577,0.8191907661085743,0.8072790400660758,400.0
weighted avg,0.8497944251903197,0.8425,0.8451776168370819,400.0
Rules Number,5746.0,5746.0,5746.0,5746.0
