,precision,recall,f1-score,support
0,0.8214285714285714,0.9230769230769231,0.8692913385826772,299.0
1,0.640625,0.40594059405940597,0.496969696969697,101.0
accuracy,0.7925,0.7925,0.7925,0.7925
macro avg,0.7310267857142857,0.6645087585681646,0.683130517776187,400.0
weighted avg,0.7757756696428573,0.7925,0.7752801240753996,400.0
Rules Number,13398.0,13398.0,13398.0,13398.0
