,precision,recall,f1-score,support
0,0.7799442896935933,0.9364548494983278,0.851063829787234,299.0
1,0.5365853658536586,0.21782178217821782,0.3098591549295775,101.0
accuracy,0.755,0.755,0.755,0.755
macro avg,0.6582648277736259,0.5771383158382728,0.5804614923584057,400.0
weighted avg,0.7184961614240097,0.755,0.7144096493856757,400.0
Rules Number,12365.0,12365.0,12365.0,12365.0
