,precision,recall,f1-score,support
0,0.7896174863387978,0.9601328903654485,0.8665667166416792,301.0
1,0.6470588235294118,0.2222222222222222,0.3308270676691729,99.0
accuracy,0.7775,0.7775,0.7775,0.7775
macro avg,0.7183381549341048,0.5911775562938353,0.5986968921554261,400.0
weighted avg,0.7543342172934748,0.7775,0.7339711535209839,400.0
Rules Number,10864.0,10864.0,10864.0,10864.0
