,precision,recall,f1-score,support
0,0.7988980716253443,0.9634551495016611,0.8734939759036144,301.0
1,0.7027027027027027,0.26262626262626265,0.3823529411764706,99.0
accuracy,0.79,0.79,0.79,0.79
macro avg,0.7508003871640235,0.6130407060639619,0.6279234585400425,400.0
weighted avg,0.7750897178169904,0.79,0.7519365698086464,400.0
Rules Number,13469.0,13469.0,13469.0,13469.0
