,precision,recall,f1-score,support
0,0.7954545454545454,0.9364548494983278,0.8602150537634409,299.0
1,0.6041666666666666,0.2871287128712871,0.38926174496644295,101.0
accuracy,0.7725,0.7725,0.7725,0.7725
macro avg,0.699810606060606,0.6117917811848075,0.6247383993649419,400.0
weighted avg,0.747154356060606,0.7725,0.7412993432921988,400.0
Rules Number,10612.0,10612.0,10612.0,10612.0
