,precision,recall,f1-score,support
0,0.8062678062678063,0.9401993355481728,0.8680981595092025,301.0
1,0.6326530612244898,0.31313131313131315,0.4189189189189189,99.0
accuracy,0.785,0.785,0.785,0.785
macro avg,0.7194604337461481,0.626665324339743,0.6435085392140607,400.0
weighted avg,0.7632981568695854,0.785,0.7569262974631072,400.0
Rules Number,15002.0,15002.0,15002.0,15002.0
