precision,recall,f1-score,support
0.8931297709923665,0.740506329113924,0.8096885813148789,158.0
0.757396449704142,0.9014084507042254,0.8231511254019293,142.0
0.8166666666666667,0.8166666666666667,0.8166666666666667,0.8166666666666667
0.8252631103482542,0.8209573899090747,0.8164198533584041,300.0
0.8288826655826068,0.8166666666666667,0.8160608521827494,300.0
