precision,recall,f1-score,support
0.8074074074074075,0.6987179487179487,0.7491408934707903,156.0
0.7151515151515152,0.8194444444444444,0.7637540453074434,144.0
0.7566666666666667,0.7566666666666667,0.7566666666666667,0.7566666666666667
0.7612794612794613,0.7590811965811965,0.7564474693891168,300.0
0.7631245791245792,0.7566666666666667,0.7561552063523838,300.0
