precision,recall,f1-score,support
0.819672131147541,0.7317073170731707,0.7731958762886598,205.0
0.7465437788018433,0.8307692307692308,0.7864077669902912,195.0
0.78,0.78,0.78,0.78
0.7831079549746922,0.7812382739212007,0.7798018216394755,400.0
0.7840220593790133,0.78,0.779636673005705,400.0
