precision,recall,f1-score,support
0.8255813953488372,0.6794258373205742,0.7454068241469817,209.0
0.706140350877193,0.8429319371727748,0.7684964200477327,191.0
0.7575,0.7575,0.7575,0.7575
0.7658608731130151,0.7611788872466745,0.7569516220973571,400.0
0.7685482966136271,0.7575,0.7564321061895903,400.0
