precision,recall,f1-score,support
0.898876404494382,0.7619047619047619,0.8247422680412371,105.0
0.7747747747747747,0.9052631578947369,0.8349514563106797,95.0
0.83,0.83,0.83,0.83
0.8368255896345784,0.8335839598997494,0.8298468621759584,200.0
0.8399281303775686,0.83,0.8295916324692223,200.0
