precision,recall,f1-score,support
0.8636363636363636,0.7378640776699029,0.7958115183246073,103.0
0.7589285714285714,0.8762886597938144,0.8133971291866029,97.0
0.805,0.805,0.805,0.805
0.8112824675324675,0.8070763687318587,0.8046043237556051,200.0
0.8128530844155845,0.805,0.8043405395926752,200.0
