,precision,recall,f1-score,support
0,0.8554913294797688,0.6981132075471698,0.7688311688311689,212.0
1,0.7180616740088106,0.8670212765957447,0.7855421686746988,188.0
accuracy,0.7775,0.7775,0.7775,0.7775
macro avg,0.7867765017442897,0.7825672420714572,0.7771866687529339,400.0
weighted avg,0.7908993914084185,0.7775,0.7766853387576279,400.0
Rules Number,12288.0,12288.0,12288.0,12288.0
