,precision,recall,f1-score,support
0,0.8248587570621468,0.6886792452830188,0.7506426735218509,212.0
1,0.7040358744394619,0.8351063829787234,0.7639902676399026,188.0
accuracy,0.7575,0.7575,0.7575,0.7575
macro avg,0.7644473157508044,0.7618928141308712,0.7573164705808768,400.0
weighted avg,0.7680720022294849,0.7575,0.7569160427573353,400.0
Rules Number,8727.0,8727.0,8727.0,8727.0
