,precision,recall,f1-score,support
0,0.8353658536585366,0.6748768472906403,0.7465940054495912,203.0
1,0.7203389830508474,0.8629441624365483,0.7852193995381062,197.0
accuracy,0.7675,0.7675,0.7675,0.7675
macro avg,0.777852418354692,0.7689105048635942,0.7659067024938486,400.0
weighted avg,0.7787151198842497,0.7675,0.7656170120381848,400.0
Rules Number,11468.0,11468.0,11468.0,11468.0
