,precision,recall,f1-score,support
0,0.9074074074074074,0.632258064516129,0.7452471482889734,155.0
1,0.703125,0.9310344827586207,0.8011869436201781,145.0
accuracy,0.7766666666666666,0.7766666666666666,0.7766666666666666,0.7766666666666666
macro avg,0.8052662037037037,0.7816462736373748,0.7732170459545757,300.0
weighted avg,0.8086709104938272,0.7766666666666666,0.772284716032389,300.0
Rules Number,3976.0,3976.0,3976.0,3976.0
