,precision,recall,f1-score,support
0,0.8918918918918919,0.6111111111111112,0.7252747252747254,54.0
1,0.6911764705882353,0.9215686274509803,0.7899159663865546,51.0
accuracy,0.7619047619047619,0.7619047619047619,0.7619047619047619,0.7619047619047619
macro avg,0.7915341812400636,0.7663398692810457,0.7575953458306399,105.0
weighted avg,0.7944015444015444,0.7619047619047619,0.7566718995290425,105.0
Rules Number,2568.0,2568.0,2568.0,2568.0
