,precision,recall,f1-score,support
0,0.875,0.6481481481481481,0.7446808510638299,54.0
1,0.7076923076923077,0.9019607843137255,0.7931034482758621,51.0
accuracy,0.7714285714285715,0.7714285714285715,0.7714285714285715,0.7714285714285715
macro avg,0.7913461538461539,0.7750544662309369,0.768892149669846,105.0
weighted avg,0.7937362637362637,0.7714285714285715,0.7682003982811028,105.0
Rules Number,2986.0,2986.0,2986.0,2986.0
