,precision,recall,f1-score,support
0,0.9238095238095239,0.6178343949044586,0.7404580152671757,157.0
1,0.6923076923076923,0.9440559440559441,0.7988165680473372,143.0
accuracy,0.7733333333333333,0.7733333333333333,0.7733333333333333,0.7733333333333333
macro avg,0.8080586080586081,0.7809451694802013,0.7696372916572565,300.0
weighted avg,0.8134603174603176,0.7733333333333333,0.768275592092386,300.0
Rules Number,4168.0,4168.0,4168.0,4168.0
