precision,recall,f1-score,support
0.9084967320261438,0.8910256410256411,0.8996763754045308,156.0
0.8571428571428571,0.8793103448275862,0.8680851063829788,116.0
0.8860294117647058,0.8860294117647058,0.8860294117647058,0.8860294117647058
0.8828197945845004,0.8851679929266136,0.8838807408937548,272.0
0.8865958147965067,0.8860294117647058,0.8862036283218101,272.0
