precision,recall,f1-score,support
0.9217391304347826,0.8907563025210085,0.905982905982906,119.0
0.8539325842696629,0.8941176470588236,0.8735632183908046,85.0
0.8921568627450981,0.8921568627450981,0.8921568627450981,0.8921568627450981
0.8878358573522227,0.892436974789916,0.8897730621868554,204.0
0.8934864028659827,0.8921568627450981,0.8924747028195303,204.0
