precision,recall,f1-score,support
0.8392857142857143,0.9096774193548387,0.8730650154798761,155.0
0.8653846153846154,0.7692307692307693,0.8144796380090499,117.0
0.8492647058823529,0.8492647058823529,0.8492647058823529,0.8492647058823529
0.8523351648351649,0.8394540942928039,0.843772326744463,272.0
0.8505120798319328,0.8492647058823529,0.847864687670734,272.0
