precision,recall,f1-score,support
0.9342105263157895,0.8658536585365854,0.8987341772151899,82.0
0.8166666666666667,0.9074074074074074,0.8596491228070176,54.0
0.8823529411764706,0.8823529411764706,0.8823529411764706,0.8823529411764706
0.8754385964912281,0.8866305329719963,0.8791916500111037,136.0
0.8875386996904024,0.8823529411764706,0.8832151114942979,136.0
