precision,recall,f1-score,support
0.881578947368421,0.881578947368421,0.881578947368421,76.0
0.85,0.85,0.85,60.0
0.8676470588235294,0.8676470588235294,0.8676470588235294,0.8676470588235294
0.8657894736842104,0.8657894736842104,0.8657894736842104,136.0
0.8676470588235294,0.8676470588235294,0.8676470588235294,136.0
