precision,recall,f1-score,support
0.8934426229508197,0.8934426229508197,0.8934426229508197,122.0
0.8414634146341463,0.8414634146341463,0.8414634146341463,82.0
0.8725490196078431,0.8725490196078431,0.8725490196078431,0.8725490196078431
0.8674530187924829,0.8674530187924829,0.8674530187924829,204.0
0.8725490196078431,0.8725490196078431,0.8725490196078431,204.0
