,precision,recall,f1-score,support
0,0.8565573770491803,0.6572327044025157,0.7437722419928826,318.0
1,0.6938202247191011,0.875886524822695,0.7742946708463949,282.0
accuracy,0.76,0.76,0.76,0.76
macro avg,0.7751888008841408,0.7665596146126054,0.7590334564196388,600.0
weighted avg,0.7800709154540431,0.76,0.7581177835540335,600.0
Rules Number,12575.0,12575.0,12575.0,12575.0
