,precision,recall,f1-score,support
0,0.8015267175572519,0.6796116504854369,0.7355516637478109,309.0
1,0.7071005917159763,0.8213058419243986,0.7599364069952305,291.0
accuracy,0.7483333333333333,0.7483333333333333,0.7483333333333333,0.7483333333333333
macro avg,0.754313654636614,0.7504587462049177,0.7477440353715207,600.0
weighted avg,0.7557300465242333,0.7483333333333333,0.7473782642228093,600.0
Rules Number,18915.0,18915.0,18915.0,18915.0
