,precision,recall,f1-score,support
0,0.8160919540229885,0.6698113207547169,0.7357512953367875,212.0
1,0.6902654867256637,0.8297872340425532,0.753623188405797,188.0
accuracy,0.745,0.745,0.745,0.745
macro avg,0.7531787203743261,0.7497992773986351,0.7446872418712922,400.0
weighted avg,0.7569535143932459,0.745,0.744151085079222,400.0
Rules Number,14237.0,14237.0,14237.0,14237.0
