,precision,recall,f1-score,support
0,0.7906976744186046,0.6699507389162561,0.7253333333333333,203.0
1,0.706140350877193,0.817258883248731,0.7576470588235293,197.0
accuracy,0.7425,0.7425,0.7425,0.7425
macro avg,0.7484190126478988,0.7436048110824935,0.7414901960784313,400.0
weighted avg,0.7490531925744593,0.7425,0.7412478431372549,400.0
Rules Number,14765.0,14765.0,14765.0,14765.0
