,precision,recall,f1-score,support
0,0.8214285714285714,0.647887323943662,0.7244094488188976,71.0
1,0.7023809523809523,0.855072463768116,0.7712418300653594,69.0
accuracy,0.75,0.75,0.75,0.75
macro avg,0.7619047619047619,0.751479893855889,0.7478256394421285,140.0
weighted avg,0.7627551020408163,0.75,0.7474911224332251,140.0
Rules Number,5185.0,5185.0,5185.0,5185.0
