,precision,recall,f1-score,support
0,0.8,0.676056338028169,0.7328244274809161,71.0
1,0.7125,0.8260869565217391,0.7651006711409397,69.0
accuracy,0.75,0.75,0.75,0.75
macro avg,0.7562500000000001,0.7510716472749541,0.748962549310928,140.0
weighted avg,0.7568750000000001,0.75,0.7487320047133563,140.0
Rules Number,7479.0,7479.0,7479.0,7479.0
