precision,recall,f1-score,support
0.9166666666666666,0.5866666666666667,0.7154471544715447,75.0
0.7047619047619048,0.9487179487179487,0.8087431693989072,78.0
0.7712418300653595,0.7712418300653595,0.7712418300653595,0.7712418300653595
0.8107142857142857,0.7676923076923077,0.762095161935226,153.0
0.8086367880485528,0.7712418300653595,0.7630098287482393,153.0
