precision,recall,f1-score,support
0.8695652173913043,0.6779661016949152,0.7619047619047619,59.0
0.822429906542056,0.9361702127659575,0.8756218905472636,94.0
0.8366013071895425,0.8366013071895425,0.8366013071895425,0.8366013071895425
0.8459975619666802,0.8070681572304363,0.8187633262260128,153.0
0.840606268242093,0.8366013071895425,0.8317701873452531,153.0
