precision,recall,f1-score,support
0.9032258064516129,0.5714285714285714,0.7000000000000001,98.0
0.7021276595744681,0.9428571428571428,0.8048780487804879,105.0
0.7635467980295566,0.7635467980295566,0.7635467980295566,0.7635467980295566
0.8026767330130404,0.7571428571428571,0.7524390243902439,203.0
0.7992095235841242,0.7635467980295566,0.7542472666105972,203.0
