precision,recall,f1-score,support
0.78125,0.6493506493506493,0.7092198581560283,77.0
0.8057553956834532,0.8888888888888888,0.8452830188679246,126.0
0.7980295566502463,0.7980295566502463,0.7980295566502463,0.7980295566502463
0.7935026978417266,0.7691197691197691,0.7772514385119764,203.0
0.7964602455966261,0.7980295566502463,0.7936728544599639,203.0
