precision,recall,f1-score,support
0.8787878787878788,0.6904761904761905,0.7733333333333333,42.0
0.8115942028985508,0.9333333333333333,0.8682170542635659,60.0
0.8333333333333334,0.8333333333333334,0.8333333333333334,0.8333333333333334
0.8451910408432148,0.8119047619047619,0.8207751937984495,102.0
0.839262187088274,0.8333333333333334,0.8291472868217054,102.0
