precision,recall,f1-score,support
0.9393939393939394,0.5961538461538461,0.7294117647058823,52.0
0.6956521739130435,0.96,0.8067226890756302,50.0
0.7745098039215687,0.7745098039215687,0.7745098039215687,0.7745098039215687
0.8175230566534915,0.7780769230769231,0.7680672268907562,102.0
0.819912681805265,0.7745098039215687,0.7673092766518372,102.0
