,precision,recall,f1-score,support
0,0.7701863354037267,0.8493150684931506,0.8078175895765471,146.0
1,0.4358974358974359,0.3148148148148148,0.3655913978494623,54.0
accuracy,0.705,0.705,0.705,0.705
macro avg,0.6030418856505813,0.5820649416539827,0.5867044937130047,200.0
weighted avg,0.6799283325370282,0.705,0.6884165178102343,200.0
Rules Number,16487.0,16487.0,16487.0,16487.0
