,precision,recall,f1-score,support
0,0.8461538461538461,0.7610062893081762,0.8013245033112582,159.0
1,0.3333333333333333,0.4634146341463415,0.38775510204081637,41.0
accuracy,0.7,0.7,0.7,0.7
macro avg,0.5897435897435898,0.6122104617272588,0.5945398026760372,200.0
weighted avg,0.7410256410256411,0.7,0.7165427760508176,200.0
Rules Number,17227.0,17227.0,17227.0,17227.0
