,precision,recall,f1-score,support
0,0.8733333333333333,0.8238993710691824,0.8478964401294499,159.0
1,0.44,0.5365853658536586,0.4835164835164836,41.0
accuracy,0.765,0.765,0.765,0.765
macro avg,0.6566666666666666,0.6802423684614205,0.6657064618229667,200.0
weighted avg,0.7844999999999999,0.765,0.7731985490237918,200.0
Rules Number,18990.0,18990.0,18990.0,18990.0
