,precision,recall,f1-score,support
0,0.8280254777070064,0.8904109589041096,0.858085808580858,146.0
1,0.627906976744186,0.5,0.5567010309278351,54.0
accuracy,0.785,0.785,0.785,0.785
macro avg,0.7279662272255962,0.6952054794520548,0.7073934197543466,200.0
weighted avg,0.7739934824470448,0.785,0.7767119186145418,200.0
Rules Number,19027.0,19027.0,19027.0,19027.0
