,precision,recall,f1-score,support
0,0.8943661971830986,0.7987421383647799,0.8438538205980067,159.0
1,0.4482758620689655,0.6341463414634146,0.5252525252525253,41.0
accuracy,0.765,0.765,0.765,0.765
macro avg,0.6713210296260321,0.7164442399140973,0.6845531729252661,200.0
weighted avg,0.8029176784847013,0.765,0.778540555052183,200.0
Rules Number,21531.0,21531.0,21531.0,21531.0
