,precision,recall,f1-score,support
0,0.8367346938775511,0.8424657534246576,0.8395904436860068,146.0
1,0.5660377358490566,0.5555555555555556,0.5607476635514018,54.0
accuracy,0.765,0.765,0.765,0.765
macro avg,0.7013862148633039,0.6990106544901066,0.7001690536187043,200.0
weighted avg,0.7636465152098576,0.765,0.7643028930496634,200.0
Rules Number,17943.0,17943.0,17943.0,17943.0
