,precision,recall,f1-score,support
0,0.5,1.0,0.6666666666666666,1.0
1,1.0,0.5,0.6666666666666666,2.0
accuracy,0.6666666666666666,0.6666666666666666,0.6666666666666666,0.6666666666666666
macro avg,0.75,0.75,0.6666666666666666,3.0
weighted avg,0.8333333333333334,0.6666666666666666,0.6666666666666666,3.0
Rules Number,368.0,368.0,368.0,368.0
