,precision,recall,f1-score,support
0,0.0,0.0,0.0,1.0
1,0.6666666666666666,0.4,0.5,5.0
accuracy,0.3333333333333333,0.3333333333333333,0.3333333333333333,0.3333333333333333
macro avg,0.3333333333333333,0.2,0.25,6.0
weighted avg,0.5555555555555555,0.3333333333333333,0.4166666666666667,6.0
Rules Number,334.0,334.0,334.0,334.0
