,precision,recall,f1-score,support
0,0.25,0.5,0.3333333333333333,2.0
1,0.5,0.25,0.3333333333333333,4.0
accuracy,0.3333333333333333,0.3333333333333333,0.3333333333333333,0.3333333333333333
macro avg,0.375,0.375,0.3333333333333333,6.0
weighted avg,0.4166666666666667,0.3333333333333333,0.3333333333333333,6.0
Rules Number,254.0,254.0,254.0,254.0
